번호,게시판,날짜,제목,글자수,이미지수,결손이미지,태그,원문URL,MD파일
1,27년 초대장.,2026-07-22,27년 초대장.,2898,1,0,,https://blog.naver.com/pillion21/224354803712,아카이브/01_27년 초대장/2026-07-22_27년 초대장.md
2,27년 초대장.,2026-07-26,27년 초대장 2.,3084,0,0,,https://blog.naver.com/pillion21/224358119078,아카이브/01_27년 초대장/2026-07-26_27년 초대장 2.md
3,27년 초대장.,2026-08-03,시작.,2297,0,0,,https://blog.naver.com/pillion21/224366539692,아카이브/01_27년 초대장/2026-08-03_시작.md
4,27년 초대장.,2026-08-06,출발선.,1221,0,0,,https://blog.naver.com/pillion21/224370222997,아카이브/01_27년 초대장/2026-08-06_출발선.md
5,27년 초대장.,2026-08-20,동기부여 1.,4259,1,0,,https://blog.naver.com/pillion21/224384834821,아카이브/01_27년 초대장/2026-08-20_동기부여 1.md
6,27년 초대장.,2026-08-30,동기부여 2.,2697,2,0,,https://blog.naver.com/pillion21/224395004658,아카이브/01_27년 초대장/2026-08-30_동기부여 2.md
7,27년 초대장.,2026-09-03,동기부여 3.,3063,2,0,,https://blog.naver.com/pillion21/224399361435,아카이브/01_27년 초대장/2026-09-03_동기부여 3.md
8,턱걸이,2024-01-01,턱걸이 Orientation.,1710,0,0,,https://blog.naver.com/pillion21/223309017007,아카이브/02_턱걸이/2024-01-01_턱걸이 Orientation.md
9,턱걸이,2024-01-14,1회,1939,0,0,,https://blog.naver.com/pillion21/223322010673,아카이브/02_턱걸이/2024-01-14_1회.md
10,턱걸이,2024-01-28,2회,700,0,0,,https://blog.naver.com/pillion21/223336288262,아카이브/02_턱걸이/2024-01-28_2회.md
11,턱걸이,2024-02-11,3회.,262,0,0,,https://blog.naver.com/pillion21/223350417128,아카이브/02_턱걸이/2024-02-11_3회.md
12,턱걸이,2024-02-25,4회,860,0,0,,https://blog.naver.com/pillion21/223364498946,아카이브/02_턱걸이/2024-02-25_4회.md
13,턱걸이,2024-03-10,5회,428,0,0,,https://blog.naver.com/pillion21/223378913065,아카이브/02_턱걸이/2024-03-10_5회.md
14,턱걸이,2024-03-24,6회,670,1,0,,https://blog.naver.com/pillion21/223393687795,아카이브/02_턱걸이/2024-03-24_6회.md
15,턱걸이,2024-04-14,7회,1086,0,0,,https://blog.naver.com/pillion21/223415173950,아카이브/02_턱걸이/2024-04-14_7회.md
16,턱걸이,2024-04-28,8회,534,0,0,,https://blog.naver.com/pillion21/223429798705,아카이브/02_턱걸이/2024-04-28_8회.md
17,턱걸이,2024-05-15,9회,498,0,0,,https://blog.naver.com/pillion21/223447538702,아카이브/02_턱걸이/2024-05-15_9회.md
18,턱걸이,2024-05-26,10회,400,0,0,,https://blog.naver.com/pillion21/223458986203,아카이브/02_턱걸이/2024-05-26_10회.md
19,턱걸이,2024-06-16,11회,517,0,0,,https://blog.naver.com/pillion21/223481184508,아카이브/02_턱걸이/2024-06-16_11회.md
20,턱걸이,2024-06-30,12회,542,0,0,,https://blog.naver.com/pillion21/223496062290,아카이브/02_턱걸이/2024-06-30_12회.md
21,턱걸이,2024-07-14,13회.,835,0,0,,https://blog.naver.com/pillion21/223512056936,아카이브/02_턱걸이/2024-07-14_13회.md
22,턱걸이,2024-07-28,14회,352,0,0,,https://blog.naver.com/pillion21/223528255201,아카이브/02_턱걸이/2024-07-28_14회.md
23,턱걸이,2024-08-11,15회,720,0,0,,https://blog.naver.com/pillion21/223544219230,아카이브/02_턱걸이/2024-08-11_15회.md
24,턱걸이,2024-08-25,16회,396,0,0,,https://blog.naver.com/pillion21/223560182196,아카이브/02_턱걸이/2024-08-25_16회.md
25,턱걸이,2024-09-08,17 회,1827,0,0,,https://blog.naver.com/pillion21/223576765419,아카이브/02_턱걸이/2024-09-08_17 회.md
26,턱걸이,2024-09-22,18회,487,0,0,,https://blog.naver.com/pillion21/223592263925,아카이브/02_턱걸이/2024-09-22_18회.md
27,턱걸이,2024-10-13,19회,397,0,0,,https://blog.naver.com/pillion21/223617078798,아카이브/02_턱걸이/2024-10-13_19회.md
28,턱걸이,2024-10-27,20회,476,0,0,,https://blog.naver.com/pillion21/223635556189,아카이브/02_턱걸이/2024-10-27_20회.md
29,턱걸이,2024-11-10,21회,704,0,0,,https://blog.naver.com/pillion21/223654658068,아카이브/02_턱걸이/2024-11-10_21회.md
30,턱걸이,2024-11-24,22회,758,0,0,,https://blog.naver.com/pillion21/223671279650,아카이브/02_턱걸이/2024-11-24_22회.md
31,턱걸이,2024-12-09,23회,462,0,0,,https://blog.naver.com/pillion21/223687627727,아카이브/02_턱걸이/2024-12-09_23회.md
32,턱걸이,2024-12-29,24회.,3521,0,0,,https://blog.naver.com/pillion21/223708409140,아카이브/02_턱걸이/2024-12-29_24회.md
33,턱걸이,2025-01-26,25년 1월.,3224,2,0,,https://blog.naver.com/pillion21/223739205543,아카이브/02_턱걸이/2025-01-26_25년 1월.md
34,턱걸이,2025-02-25,날짜와 장소.,1221,0,0,,https://blog.naver.com/pillion21/223773592213,아카이브/02_턱걸이/2025-02-25_날짜와 장소.md
35,턱걸이,2025-03-21,드디어. 내일.,2257,1,0,,https://blog.naver.com/pillion21/223804996631,아카이브/02_턱걸이/2025-03-21_드디어. 내일.md
36,턱걸이,2025-03-23,이 감정은 무얼까? 시원섭섭.. 아쉬움..,2657,3,0,,https://blog.naver.com/pillion21/223806733561,아카이브/02_턱걸이/2025-03-23_이 감정은 무얼까_ 시원섭섭.. 아쉬움.md
37,턱걸이,2026-01-10,다시 턱걸이.,1294,0,0,,https://blog.naver.com/pillion21/224141341159,아카이브/02_턱걸이/2026-01-10_다시 턱걸이.md
38,턱걸이,2026-01-11,26년 1회,713,0,0,,https://blog.naver.com/pillion21/224142606288,아카이브/02_턱걸이/2026-01-11_26년 1회.md
39,턱걸이,2026-01-25,26년 2회,1327,0,0,,https://blog.naver.com/pillion21/224159132891,아카이브/02_턱걸이/2026-01-25_26년 2회.md
40,턱걸이,2026-02-08,26년 3회.,667,0,0,,https://blog.naver.com/pillion21/224176195716,아카이브/02_턱걸이/2026-02-08_26년 3회.md
41,턱걸이,2026-02-22,26년 4회.,1687,1,0,,https://blog.naver.com/pillion21/224191560211,아카이브/02_턱걸이/2026-02-22_26년 4회.md
42,턱걸이,2026-03-08,26년 5회.,2499,1,0,,https://blog.naver.com/pillion21/224208802224,아카이브/02_턱걸이/2026-03-08_26년 5회.md
43,턱걸이,2026-03-21,26년 6회. 부상.,2565,1,0,,https://blog.naver.com/pillion21/224224343941,아카이브/02_턱걸이/2026-03-21_26년 6회. 부상.md
44,턱걸이,2026-04-05,7회,748,0,0,,https://blog.naver.com/pillion21/224241564175,아카이브/02_턱걸이/2026-04-05_7회.md
45,턱걸이,2026-04-19,8회,788,0,0,,https://blog.naver.com/pillion21/224257725829,아카이브/02_턱걸이/2026-04-19_8회.md
46,턱걸이,2026-05-03,9회,532,0,0,,https://blog.naver.com/pillion21/224273425799,아카이브/02_턱걸이/2026-05-03_9회.md
47,턱걸이,2026-05-17,10회,370,0,0,,https://blog.naver.com/pillion21/224288006429,아카이브/02_턱걸이/2026-05-17_10회.md
48,턱걸이,2026-05-31,11회,403,0,0,,https://blog.naver.com/pillion21/224301801537,아카이브/02_턱걸이/2026-05-31_11회.md
49,턱걸이,2026-06-14,12회,1910,0,0,,https://blog.naver.com/pillion21/224315584330,아카이브/02_턱걸이/2026-06-14_12회.md
50,턱걸이,2026-07-05,13회,852,0,0,,https://blog.naver.com/pillion21/224337082044,아카이브/02_턱걸이/2026-07-05_13회.md
51,턱걸이,2026-07-19,14회.,540,0,0,,https://blog.naver.com/pillion21/224351097936,아카이브/02_턱걸이/2026-07-19_14회.md
52,턱걸이,2026-08-02,15회.,1158,12,0,,https://blog.naver.com/pillion21/224365627878,아카이브/02_턱걸이/2026-08-02_15회.md
53,Trend following,2023-11-30,"수익은 열고, 손실은 닫아라.",4202,1,0,,https://blog.naver.com/pillion21/223278930489,"아카이브/03_Trend following/2023-11-30_수익은 열고, 손실은 닫아라.md"
54,Trend following,2023-11-30,시작하면서..,1470,0,0,,https://blog.naver.com/pillion21/223278736307,아카이브/03_Trend following/2023-11-30_시작하면서.md
55,Trend following,2023-12-01,손익비.,4276,8,0,,https://blog.naver.com/pillion21/223279705897,아카이브/03_Trend following/2023-12-01_손익비.md
56,Trend following,2023-12-04,가치투자도 역시..,2467,1,0,,https://blog.naver.com/pillion21/223282324693,아카이브/03_Trend following/2023-12-04_가치투자도 역시.md
57,Trend following,2023-12-05,낮은 승률..,3455,4,0,,https://blog.naver.com/pillion21/223283357820,아카이브/03_Trend following/2023-12-05_낮은 승률.md
58,Trend following,2023-12-06,"trend follower 에게, 지금 시장의 위치는?",2057,1,0,,https://blog.naver.com/pillion21/223284238673,"아카이브/03_Trend following/2023-12-06_trend follower 에게, 지금 시장의 위치는_.md"
59,Trend following,2023-12-07,trading 의 핵심.,977,0,0,,https://blog.naver.com/pillion21/223285437312,아카이브/03_Trend following/2023-12-07_trading 의 핵심.md
60,Trend following,2023-12-08,추세를 적으로 삼지 마라.,1723,0,0,,https://blog.naver.com/pillion21/223286429197,아카이브/03_Trend following/2023-12-08_추세를 적으로 삼지 마라.md
61,Trend following,2023-12-10,자금 관리에 대해서..,4509,1,0,,https://blog.naver.com/pillion21/223288561580,아카이브/03_Trend following/2023-12-10_자금 관리에 대해서.md
62,Trend following,2023-12-12,마치면서..,2666,0,0,,https://blog.naver.com/pillion21/223290332356,아카이브/03_Trend following/2023-12-12_마치면서.md
63,Trend following,2023-12-20,귀신 씨나락 까먹는 소리.,3719,0,0,,https://blog.naver.com/pillion21/223298035789,아카이브/03_Trend following/2023-12-20_귀신 씨나락 까먹는 소리.md
64,단상 (斷想 ),2023-10-10,가장 쉽게 돈버는 법,3196,1,0,,https://blog.naver.com/pillion21/223232849180,아카이브/04_단상 (斷想 )/2023-10-10_가장 쉽게 돈버는 법.md
65,단상 (斷想 ),2023-10-12,익히되 잊어라.,1728,1,0,,https://blog.naver.com/pillion21/223234765564,아카이브/04_단상 (斷想 )/2023-10-12_익히되 잊어라.md
66,단상 (斷想 ),2023-10-14,23년전.,1753,0,0,,https://blog.naver.com/pillion21/223236607978,아카이브/04_단상 (斷想 )/2023-10-14_23년전.md
67,단상 (斷想 ),2023-10-17,인간.,1284,0,0,,https://blog.naver.com/pillion21/223238666142,아카이브/04_단상 (斷想 )/2023-10-17_인간.md
68,단상 (斷想 ),2023-10-21,내가 만난 젊은 투자자 분들.,3664,0,0,,https://blog.naver.com/pillion21/223242477317,아카이브/04_단상 (斷想 )/2023-10-21_내가 만난 젊은 투자자 분들.md
69,단상 (斷想 ),2023-10-29,팬심에 손절은 없다.. ?,1825,0,0,,https://blog.naver.com/pillion21/223249444906,아카이브/04_단상 (斷想 )/2023-10-29_팬심에 손절은 없다.. _.md
70,단상 (斷想 ),2023-11-02,"시작했으면, 끝은 봐라.",1242,0,0,,https://blog.naver.com/pillion21/223253282993,"아카이브/04_단상 (斷想 )/2023-11-02_시작했으면, 끝은 봐라.md"
71,단상 (斷想 ),2023-11-04,잊혀지지 않는 기억,1621,0,0,,https://blog.naver.com/pillion21/223255258357,아카이브/04_단상 (斷想 )/2023-11-04_잊혀지지 않는 기억.md
72,단상 (斷想 ),2023-11-08,아마.. 이게 달랐을거다.,1985,1,0,,https://blog.naver.com/pillion21/223259032924,아카이브/04_단상 (斷想 )/2023-11-08_아마.. 이게 달랐을거다.md
73,단상 (斷想 ),2023-11-10,추세추종 거래가 쉬울까?,2623,0,0,,https://blog.naver.com/pillion21/223261051079,아카이브/04_단상 (斷想 )/2023-11-10_추세추종 거래가 쉬울까_.md
74,단상 (斷想 ),2023-11-11,데이트레이딩 ?,1490,0,0,,https://blog.naver.com/pillion21/223261662776,아카이브/04_단상 (斷想 )/2023-11-11_데이트레이딩 _.md
75,단상 (斷想 ),2023-11-13,내가 아는 이야기만 하자.,2669,0,0,,https://blog.naver.com/pillion21/223263481307,아카이브/04_단상 (斷想 )/2023-11-13_내가 아는 이야기만 하자.md
76,단상 (斷想 ),2023-11-16,내가 알아본 두 사람.,3365,4,0,,https://blog.naver.com/pillion21/223266392034,아카이브/04_단상 (斷想 )/2023-11-16_내가 알아본 두 사람.md
77,단상 (斷想 ),2023-11-18,영혼을 갈아 넣는다는건..,3201,1,0,,https://blog.naver.com/pillion21/223268154352,아카이브/04_단상 (斷想 )/2023-11-18_영혼을 갈아 넣는다는건.md
78,단상 (斷想 ),2023-11-20,세번째 승부수 1.,1970,0,0,,https://blog.naver.com/pillion21/223269419840,아카이브/04_단상 (斷想 )/2023-11-20_세번째 승부수 1.md
79,단상 (斷想 ),2023-11-21,세번째 승부수 2.,3400,2,0,,https://blog.naver.com/pillion21/223270510797,아카이브/04_단상 (斷想 )/2023-11-21_세번째 승부수 2.md
80,단상 (斷想 ),2023-11-22,세월.,308,3,0,,https://blog.naver.com/pillion21/223271520118,아카이브/04_단상 (斷想 )/2023-11-22_세월.md
81,단상 (斷想 ),2023-11-23,세월 2.,7807,0,0,,https://blog.naver.com/pillion21/223272394076,아카이브/04_단상 (斷想 )/2023-11-23_세월 2.md
82,단상 (斷想 ),2023-11-24,"그래서, 내가 사람 보는 눈이 좋다고?",3790,1,0,,https://blog.naver.com/pillion21/223273366678,"아카이브/04_단상 (斷想 )/2023-11-24_그래서, 내가 사람 보는 눈이 좋다고_.md"
83,단상 (斷想 ),2023-11-25,13 년전 생각.,474,3,0,,https://blog.naver.com/pillion21/223274768131,아카이브/04_단상 (斷想 )/2023-11-25_13 년전 생각.md
84,단상 (斷想 ),2023-11-26,어려운 질문 1.,274,2,0,,https://blog.naver.com/pillion21/223275123874,아카이브/04_단상 (斷想 )/2023-11-26_어려운 질문 1.md
85,단상 (斷想 ),2023-11-27,고민. 그리고 좋은 음악.,990,0,0,,https://blog.naver.com/pillion21/223276501604,아카이브/04_단상 (斷想 )/2023-11-27_고민. 그리고 좋은 음악.md
86,단상 (斷想 ),2023-11-27,가난에 얽힌 기억.,3622,1,0,,https://blog.naver.com/pillion21/223275957253,아카이브/04_단상 (斷想 )/2023-11-27_가난에 얽힌 기억.md
87,단상 (斷想 ),2023-11-28,고민. 그리고 좋은 음악 2.,1496,0,0,,https://blog.naver.com/pillion21/223277349377,아카이브/04_단상 (斷想 )/2023-11-28_고민. 그리고 좋은 음악 2.md
88,단상 (斷想 ),2023-11-29,과정.,1622,0,0,,https://blog.naver.com/pillion21/223277710607,아카이브/04_단상 (斷想 )/2023-11-29_과정.md
89,단상 (斷想 ),2023-12-14,유연성.,2334,1,0,,https://blog.naver.com/pillion21/223292138789,아카이브/04_단상 (斷想 )/2023-12-14_유연성.md
90,단상 (斷想 ),2023-12-18,Self confidence 1.,3900,2,0,,https://blog.naver.com/pillion21/223296079249,아카이브/04_단상 (斷想 )/2023-12-18_Self confidence 1.md
91,단상 (斷想 ),2023-12-19,Self confidence 2.,3871,1,0,,https://blog.naver.com/pillion21/223297498586,아카이브/04_단상 (斷想 )/2023-12-19_Self confidence 2.md
92,단상 (斷想 ),2023-12-22,놀라운 배포.  아쉬웠던 자금관리.,4439,4,0,,https://blog.naver.com/pillion21/223300723977,아카이브/04_단상 (斷想 )/2023-12-22_놀라운 배포. 아쉬웠던 자금관리.md
93,단상 (斷想 ),2023-12-28,슬럼프,4009,1,0,,https://blog.naver.com/pillion21/223305501974,아카이브/04_단상 (斷想 )/2023-12-28_슬럼프.md
94,단상 (斷想 ),2023-12-29,어쩌면..,1867,1,0,,https://blog.naver.com/pillion21/223306908347,아카이브/04_단상 (斷想 )/2023-12-29_어쩌면.md
95,단상 (斷想 ),2023-12-31,2023.12.31,3246,1,0,,https://blog.naver.com/pillion21/223308025613,아카이브/04_단상 (斷想 )/2023-12-31_2023.12.31.md
96,단상 (斷想 ),2024-01-06,질문과 답 1.,5573,3,0,,https://blog.naver.com/pillion21/223314109479,아카이브/04_단상 (斷想 )/2024-01-06_질문과 답 1.md
97,단상 (斷想 ),2024-01-09,질문과 답 2.,4928,0,0,,https://blog.naver.com/pillion21/223317516067,아카이브/04_단상 (斷想 )/2024-01-09_질문과 답 2.md
98,단상 (斷想 ),2024-01-11,너무 막나가는거 같은데..?,1991,1,0,,https://blog.naver.com/pillion21/223319747880,아카이브/04_단상 (斷想 )/2024-01-11_너무 막나가는거 같은데.._.md
99,단상 (斷想 ),2024-01-13,질문과 답 3,4787,1,0,,https://blog.naver.com/pillion21/223321170430,아카이브/04_단상 (斷想 )/2024-01-13_질문과 답 3.md
100,단상 (斷想 ),2024-01-14,질문과 답 4.,3385,0,0,,https://blog.naver.com/pillion21/223322240457,아카이브/04_단상 (斷想 )/2024-01-14_질문과 답 4.md
101,단상 (斷想 ),2024-01-22,나는 내 길 가고.. 너는 네 길 가고..,2966,0,0,,https://blog.naver.com/pillion21/223330536616,아카이브/04_단상 (斷想 )/2024-01-22_나는 내 길 가고.. 너는 네 길 가고.md
102,단상 (斷想 ),2024-01-26,내가 경험한 앵커링 효과.,6462,0,0,,https://blog.naver.com/pillion21/223334843451,아카이브/04_단상 (斷想 )/2024-01-26_내가 경험한 앵커링 효과.md
103,단상 (斷想 ),2024-02-02,슬럼프 2.,3411,4,0,,https://blog.naver.com/pillion21/223341956473,아카이브/04_단상 (斷想 )/2024-02-02_슬럼프 2.md
104,단상 (斷想 ),2024-02-16,"아는 만큼 보이고, 들린다.",1691,0,0,,https://blog.naver.com/pillion21/223355330551,"아카이브/04_단상 (斷想 )/2024-02-16_아는 만큼 보이고, 들린다.md"
105,단상 (斷想 ),2024-02-20,우리는 왜?,2500,0,0,,https://blog.naver.com/pillion21/223359639712,아카이브/04_단상 (斷想 )/2024-02-20_우리는 왜_.md
106,단상 (斷想 ),2024-02-28,4년전 그날.,2355,6,2,,https://blog.naver.com/pillion21/223368026131,아카이브/04_단상 (斷想 )/2024-02-28_4년전 그날.md
107,단상 (斷想 ),2024-03-01,오해의 여지.,4066,0,0,,https://blog.naver.com/pillion21/223369876140,아카이브/04_단상 (斷想 )/2024-03-01_오해의 여지.md
108,단상 (斷想 ),2024-03-15,멋진 두분.,2904,1,0,,https://blog.naver.com/pillion21/223384421219,아카이브/04_단상 (斷想 )/2024-03-15_멋진 두분.md
109,단상 (斷想 ),2024-03-28,not to be careless.,1128,2,0,,https://blog.naver.com/pillion21/223397746283,아카이브/04_단상 (斷想 )/2024-03-28_not to be careless.md
110,단상 (斷想 ),2024-03-30,음악 한곡.,108,0,0,,https://blog.naver.com/pillion21/223400492912,아카이브/04_단상 (斷想 )/2024-03-30_음악 한곡.md
111,단상 (斷想 ),2024-04-04,견지망월. (見指忘月),2113,0,0,,https://blog.naver.com/pillion21/223405497420,아카이브/04_단상 (斷想 )/2024-04-04_견지망월. (見指忘月).md
112,단상 (斷想 ),2024-05-11,20 년전.,1814,1,0,,https://blog.naver.com/pillion21/223443440210,아카이브/04_단상 (斷想 )/2024-05-11_20 년전.md
113,단상 (斷想 ),2024-05-15,와인 한병..,2330,1,0,,https://blog.naver.com/pillion21/223447225675,아카이브/04_단상 (斷想 )/2024-05-15_와인 한병.md
114,단상 (斷想 ),2024-05-31,금투세에 대하여.,3793,0,0,,https://blog.naver.com/pillion21/223465021788,아카이브/04_단상 (斷想 )/2024-05-31_금투세에 대하여.md
115,단상 (斷想 ),2024-06-09,오답의 의미.,2438,0,0,,https://blog.naver.com/pillion21/223473658478,아카이브/04_단상 (斷想 )/2024-06-09_오답의 의미.md
116,단상 (斷想 ),2024-06-13,만남 2.,4292,1,1,,https://blog.naver.com/pillion21/223478198581,아카이브/04_단상 (斷想 )/2024-06-13_만남 2.md
117,단상 (斷想 ),2024-06-13,만남.,843,1,0,,https://blog.naver.com/pillion21/223477930477,아카이브/04_단상 (斷想 )/2024-06-13_만남.md
118,단상 (斷想 ),2024-06-17,우리는 그닥 많이 알지 못한다.,2280,6,0,,https://blog.naver.com/pillion21/223482294208,아카이브/04_단상 (斷想 )/2024-06-17_우리는 그닥 많이 알지 못한다.md
119,단상 (斷想 ),2024-06-18,각자 자기길 가자.,2357,0,0,,https://blog.naver.com/pillion21/223483040218,아카이브/04_단상 (斷想 )/2024-06-18_각자 자기길 가자.md
120,단상 (斷想 ),2024-06-19,이 문장이 왜 어렵다는거지?,1385,0,0,,https://blog.naver.com/pillion21/223484273300,아카이브/04_단상 (斷想 )/2024-06-19_이 문장이 왜 어렵다는거지_.md
121,단상 (斷想 ),2024-06-20,내 생각.,2527,0,0,,https://blog.naver.com/pillion21/223485685243,아카이브/04_단상 (斷想 )/2024-06-20_내 생각.md
122,단상 (斷想 ),2024-07-09,싱거운 질문.  싱거운 답,2966,0,0,,https://blog.naver.com/pillion21/223506799638,아카이브/04_단상 (斷想 )/2024-07-09_싱거운 질문. 싱거운 답.md
123,단상 (斷想 ),2024-07-26,완벽함은 불가능하다.,2061,1,1,,https://blog.naver.com/pillion21/223525914794,아카이브/04_단상 (斷想 )/2024-07-26_완벽함은 불가능하다.md
124,단상 (斷想 ),2024-07-28,인생의 무게.,3462,3,0,,https://blog.naver.com/pillion21/223528099757,아카이브/04_단상 (斷想 )/2024-07-28_인생의 무게.md
125,단상 (斷想 ),2024-08-04,끝없는 rally.,2790,1,0,,https://blog.naver.com/pillion21/223535821251,아카이브/04_단상 (斷想 )/2024-08-04_끝없는 rally.md
126,단상 (斷想 ),2024-08-10,역사적인 한주 1.,2331,4,0,,https://blog.naver.com/pillion21/223543110755,아카이브/04_단상 (斷想 )/2024-08-10_역사적인 한주 1.md
127,단상 (斷想 ),2024-08-11,역사적인 한주 2.,2982,1,0,,https://blog.naver.com/pillion21/223544414864,아카이브/04_단상 (斷想 )/2024-08-11_역사적인 한주 2.md
128,단상 (斷想 ),2024-08-20,시장은 반복된다.,2914,0,0,,https://blog.naver.com/pillion21/223554770735,아카이브/04_단상 (斷想 )/2024-08-20_시장은 반복된다.md
129,단상 (斷想 ),2024-08-21,논쟁의 격.,1168,3,0,,https://blog.naver.com/pillion21/223555408665,아카이브/04_단상 (斷想 )/2024-08-21_논쟁의 격.md
130,단상 (斷想 ),2024-08-23,악화가 양화를 구축하는 곳.,2326,1,0,,https://blog.naver.com/pillion21/223557853528,아카이브/04_단상 (斷想 )/2024-08-23_악화가 양화를 구축하는 곳.md
131,단상 (斷想 ),2024-08-25,하루를 두번 산다면..,533,0,0,,https://blog.naver.com/pillion21/223560056383,아카이브/04_단상 (斷想 )/2024-08-25_하루를 두번 산다면.md
132,단상 (斷想 ),2024-08-29,여름을 좋아할수 없게 되었다.,1823,1,0,,https://blog.naver.com/pillion21/223565639978,아카이브/04_단상 (斷想 )/2024-08-29_여름을 좋아할수 없게 되었다.md
133,단상 (斷想 ),2024-09-01,개인투자자의 모습 2 -上,2036,3,0,,https://blog.naver.com/pillion21/223568241344,아카이브/04_단상 (斷想 )/2024-09-01_개인투자자의 모습 2 -上.md
134,단상 (斷想 ),2024-09-02,?. !,1905,0,0,,https://blog.naver.com/pillion21/223569699267,아카이브/04_단상 (斷想 )/2024-09-02__. !.md
135,단상 (斷想 ),2024-09-03,개인투자자의 모습 2- 中,1749,2,0,,https://blog.naver.com/pillion21/223570912589,아카이브/04_단상 (斷想 )/2024-09-03_개인투자자의 모습 2- 中.md
136,단상 (斷想 ),2024-09-05,귀가 좋아야 한다.,2856,3,0,,https://blog.naver.com/pillion21/223573742604,아카이브/04_단상 (斷想 )/2024-09-05_귀가 좋아야 한다.md
137,단상 (斷想 ),2024-09-07,수학적 사고.,2935,1,0,,https://blog.naver.com/pillion21/223575803300,아카이브/04_단상 (斷想 )/2024-09-07_수학적 사고.md
138,단상 (斷想 ),2024-09-10,개인 투자자의 모습 2- 下,3903,1,0,,https://blog.naver.com/pillion21/223579272042,아카이브/04_단상 (斷想 )/2024-09-10_개인 투자자의 모습 2- 下.md
139,단상 (斷想 ),2024-09-12,개인 투자자의 모습 2- 번외편,3652,1,0,,https://blog.naver.com/pillion21/223581545222,아카이브/04_단상 (斷想 )/2024-09-12_개인 투자자의 모습 2- 번외편.md
140,단상 (斷想 ),2024-09-14,나를 잡았던 질문.,2760,0,1,,https://blog.naver.com/pillion21/223584290839,아카이브/04_단상 (斷想 )/2024-09-14_나를 잡았던 질문.md
141,단상 (斷想 ),2024-09-16,남자의 일생.,455,1,0,,https://blog.naver.com/pillion21/223585713383,아카이브/04_단상 (斷想 )/2024-09-16_남자의 일생.md
142,단상 (斷想 ),2024-09-27,가을이 너무 좋다.,2672,0,0,,https://blog.naver.com/pillion21/223598765565,아카이브/04_단상 (斷想 )/2024-09-27_가을이 너무 좋다.md
143,단상 (斷想 ),2024-09-29,P.S.,1183,0,0,,https://blog.naver.com/pillion21/223600502162,아카이브/04_단상 (斷想 )/2024-09-29_P.S.md
144,단상 (斷想 ),2024-10-09,기막힌 우연.,3652,0,0,,https://blog.naver.com/pillion21/223612554656,아카이브/04_단상 (斷想 )/2024-10-09_기막힌 우연.md
145,단상 (斷想 ),2024-10-26,해석이 모두 다르니까 시장이다.,2361,3,0,,https://blog.naver.com/pillion21/223634282481,아카이브/04_단상 (斷想 )/2024-10-26_해석이 모두 다르니까 시장이다.md
146,단상 (斷想 ),2024-11-07,Memento mori. 1,1483,0,0,,https://blog.naver.com/pillion21/223651055899,아카이브/04_단상 (斷想 )/2024-11-07_Memento mori. 1.md
147,단상 (斷想 ),2024-11-09,Memento mori. 2,2553,2,0,,https://blog.naver.com/pillion21/223653239430,아카이브/04_단상 (斷想 )/2024-11-09_Memento mori. 2.md
148,단상 (斷想 ),2024-11-26,가치와 수급.,1945,3,0,,https://blog.naver.com/pillion21/223673524246,아카이브/04_단상 (斷想 )/2024-11-26_가치와 수급.md
149,단상 (斷想 ),2024-11-27,수급의 의미를 물으셔서..,3235,1,0,,https://blog.naver.com/pillion21/223674667141,아카이브/04_단상 (斷想 )/2024-11-27_수급의 의미를 물으셔서.md
150,단상 (斷想 ),2024-12-01,"먼저 경험했을뿐, 답을 알지도 찾지도 못했다.",4052,3,0,,https://blog.naver.com/pillion21/223678726905,"아카이브/04_단상 (斷想 )/2024-12-01_먼저 경험했을뿐, 답을 알지도 찾지도 못했다.md"
151,단상 (斷想 ),2024-12-05,12월 4일.,1919,0,0,,https://blog.naver.com/pillion21/223683129217,아카이브/04_단상 (斷想 )/2024-12-05_12월 4일.md
152,단상 (斷想 ),2024-12-14,승(勝)을 대하는 자세.,2323,2,0,,https://blog.naver.com/pillion21/223693229067,아카이브/04_단상 (斷想 )/2024-12-14_승(勝)을 대하는 자세.md
153,단상 (斷想 ),2024-12-16,아는것만 이야기 하라니깐..,1589,0,0,,https://blog.naver.com/pillion21/223695369012,아카이브/04_단상 (斷想 )/2024-12-16_아는것만 이야기 하라니깐.md
154,단상 (斷想 ),2024-12-19,향수.,385,0,0,,https://blog.naver.com/pillion21/223698355471,아카이브/04_단상 (斷想 )/2024-12-19_향수.md
155,단상 (斷想 ),2024-12-22,"트레이딩은 그렇게 하면, 할게 못되는것이 맞고..",806,1,0,,https://blog.naver.com/pillion21/223702025904,"아카이브/04_단상 (斷想 )/2024-12-22_트레이딩은 그렇게 하면, 할게 못되는것이 맞고.md"
156,단상 (斷想 ),2024-12-30,지켜야 할 선.,620,0,0,,https://blog.naver.com/pillion21/223709854260,아카이브/04_단상 (斷想 )/2024-12-30_지켜야 할 선.md
157,단상 (斷想 ),2024-12-31,2024.12.31,2388,2,0,,https://blog.naver.com/pillion21/223710822173,아카이브/04_단상 (斷想 )/2024-12-31_2024.12.31.md
158,단상 (斷想 ),2025-01-23,문제는 실천력이다.,2202,0,0,,https://blog.naver.com/pillion21/223735934624,아카이브/04_단상 (斷想 )/2025-01-23_문제는 실천력이다.md
159,단상 (斷想 ),2025-02-09,답을 드리기에 앞서 1.,3512,2,0,,https://blog.naver.com/pillion21/223754079703,아카이브/04_단상 (斷想 )/2025-02-09_답을 드리기에 앞서 1.md
160,단상 (斷想 ),2025-02-12,답을 드리기에 앞서 2.,3670,3,0,,https://blog.naver.com/pillion21/223758139716,아카이브/04_단상 (斷想 )/2025-02-12_답을 드리기에 앞서 2.md
161,단상 (斷想 ),2025-02-17,좋은 인연. 그리고 아들.,3322,5,0,,https://blog.naver.com/pillion21/223763364232,아카이브/04_단상 (斷想 )/2025-02-17_좋은 인연. 그리고 아들.md
162,단상 (斷想 ),2025-03-04,1.,7370,10,0,,https://blog.naver.com/pillion21/223783733326,아카이브/04_단상 (斷想 )/2025-03-04_1.md
163,단상 (斷想 ),2025-03-05,2.,5809,9,1,,https://blog.naver.com/pillion21/223784971963,아카이브/04_단상 (斷想 )/2025-03-05_2.md
164,단상 (斷想 ),2025-03-06,3.,7181,10,0,,https://blog.naver.com/pillion21/223785980255,아카이브/04_단상 (斷想 )/2025-03-06_3.md
165,단상 (斷想 ),2025-03-07,4,2578,6,0,,https://blog.naver.com/pillion21/223787959005,아카이브/04_단상 (斷想 )/2025-03-07_4.md
166,단상 (斷想 ),2025-03-09,5.,6458,11,1,,https://blog.naver.com/pillion21/223789517503,아카이브/04_단상 (斷想 )/2025-03-09_5.md
167,단상 (斷想 ),2025-03-13,답을 마치면서.,3011,2,1,,https://blog.naver.com/pillion21/223794667143,아카이브/04_단상 (斷想 )/2025-03-13_답을 마치면서.md
168,단상 (斷想 ),2025-03-29,투자는 자신을 알아 가는 과정.,2398,14,0,,https://blog.naver.com/pillion21/223813876784,아카이브/04_단상 (斷想 )/2025-03-29_투자는 자신을 알아 가는 과정.md
169,단상 (斷想 ),2025-04-01,확신의 정도.,2304,4,0,,https://blog.naver.com/pillion21/223817151119,아카이브/04_단상 (斷想 )/2025-04-01_확신의 정도.md
170,단상 (斷想 ),2025-04-05,하던걸 하자.,699,1,0,,https://blog.naver.com/pillion21/223823197596,아카이브/04_단상 (斷想 )/2025-04-05_하던걸 하자.md
171,단상 (斷想 ),2025-05-03,이게 답은 아니겠지만..,2646,1,0,,https://blog.naver.com/pillion21/223854128597,아카이브/04_단상 (斷想 )/2025-05-03_이게 답은 아니겠지만.md
172,단상 (斷想 ),2025-05-05,댓글이 준 선물.,2364,1,0,,https://blog.naver.com/pillion21/223856203565,아카이브/04_단상 (斷想 )/2025-05-05_댓글이 준 선물.md
173,단상 (斷想 ),2025-05-23,같은 듯 다른.,4887,7,0,,https://blog.naver.com/pillion21/223874721726,아카이브/04_단상 (斷想 )/2025-05-23_같은 듯 다른.md
174,단상 (斷想 ),2025-06-23,알 수 없는 인간.,1796,0,0,,https://blog.naver.com/pillion21/223908447085,아카이브/04_단상 (斷想 )/2025-06-23_알 수 없는 인간.md
175,단상 (斷想 ),2025-07-12,태도가 9할.,954,0,0,,https://blog.naver.com/pillion21/223930912084,아카이브/04_단상 (斷想 )/2025-07-12_태도가 9할.md
176,단상 (斷想 ),2025-07-20,파생시장은..,2227,1,0,,https://blog.naver.com/pillion21/223940659035,아카이브/04_단상 (斷想 )/2025-07-20_파생시장은.md
177,단상 (斷想 ),2025-07-26,후생가외라더니..,4205,2,0,,https://blog.naver.com/pillion21/223947548993,아카이브/04_단상 (斷想 )/2025-07-26_후생가외라더니.md
178,단상 (斷想 ),2025-07-28,한마디만 더.,3385,1,0,,https://blog.naver.com/pillion21/223950308751,아카이브/04_단상 (斷想 )/2025-07-28_한마디만 더.md
179,단상 (斷想 ),2025-08-01,이게 맞다고 생각해?,2363,1,0,,https://blog.naver.com/pillion21/223955448156,아카이브/04_단상 (斷想 )/2025-08-01_이게 맞다고 생각해_.md
180,단상 (斷想 ),2025-08-10,순수한 영혼에게.,3681,3,0,,https://blog.naver.com/pillion21/223965682061,아카이브/04_단상 (斷想 )/2025-08-10_순수한 영혼에게.md
181,단상 (斷想 ),2025-08-16,답이 없다면서.. 왜?,2928,3,0,,https://blog.naver.com/pillion21/223972166355,아카이브/04_단상 (斷想 )/2025-08-16_답이 없다면서.. 왜_.md
182,단상 (斷想 ),2025-08-20,진짜 헛웃음 나와서..,926,0,0,,https://blog.naver.com/pillion21/223977019362,아카이브/04_단상 (斷想 )/2025-08-20_진짜 헛웃음 나와서.md
183,단상 (斷想 ),2025-08-24,내년에는 여름을 좋아해 볼까?,2212,1,0,,https://blog.naver.com/pillion21/223981269018,아카이브/04_단상 (斷想 )/2025-08-24_내년에는 여름을 좋아해 볼까_.md
184,단상 (斷想 ),2025-09-06,다채로운 세상.,2310,4,0,,https://blog.naver.com/pillion21/223997427011,아카이브/04_단상 (斷想 )/2025-09-06_다채로운 세상.md
185,단상 (斷想 ),2025-09-07,20명. 500명. 그걸 누가 알겠어..?,1301,2,0,,https://blog.naver.com/pillion21/223998915501,아카이브/04_단상 (斷想 )/2025-09-07_20명. 500명. 그걸 누가 알겠어.._.md
186,단상 (斷想 ),2025-09-10,즐거웠지만..,3352,7,0,,https://blog.naver.com/pillion21/224002460633,아카이브/04_단상 (斷想 )/2025-09-10_즐거웠지만.md
187,단상 (斷想 ),2025-09-13,이게 1년전이라니..,3068,1,0,,https://blog.naver.com/pillion21/224006353634,아카이브/04_단상 (斷想 )/2025-09-13_이게 1년전이라니.md
188,단상 (斷想 ),2025-09-18,그게 시작이었다.,2792,3,0,,https://blog.naver.com/pillion21/224012545762,아카이브/04_단상 (斷想 )/2025-09-18_그게 시작이었다.md
189,단상 (斷想 ),2025-09-27,투자가 불로소득이라고?,1534,0,0,,https://blog.naver.com/pillion21/224023403813,아카이브/04_단상 (斷想 )/2025-09-27_투자가 불로소득이라고_.md
190,단상 (斷想 ),2025-10-03,"실패의 시간을, 준비의 과정으로..",2168,3,0,,https://blog.naver.com/pillion21/224030882918,"아카이브/04_단상 (斷想 )/2025-10-03_실패의 시간을, 준비의 과정으로.md"
191,단상 (斷想 ),2025-10-08,강연 참석자 분들께 질문.,594,0,0,,https://blog.naver.com/pillion21/224035080855,아카이브/04_단상 (斷想 )/2025-10-08_강연 참석자 분들께 질문.md
192,단상 (斷想 ),2025-10-12,번거롭게 해 드렸습니다.,1180,0,0,,https://blog.naver.com/pillion21/224038810859,아카이브/04_단상 (斷想 )/2025-10-12_번거롭게 해 드렸습니다.md
193,단상 (斷想 ),2025-10-12,길을 아는것과 걷는것의 차이.,3335,1,0,,https://blog.naver.com/pillion21/224038264103,아카이브/04_단상 (斷想 )/2025-10-12_길을 아는것과 걷는것의 차이.md
194,단상 (斷想 ),2025-10-13,뜬구름 잡는 이야기.,765,0,0,,https://blog.naver.com/pillion21/224039714909,아카이브/04_단상 (斷想 )/2025-10-13_뜬구름 잡는 이야기.md
195,단상 (斷想 ),2025-10-18,포즈랑의 투자 이야기.,3310,4,0,,https://blog.naver.com/pillion21/224045266456,아카이브/04_단상 (斷想 )/2025-10-18_포즈랑의 투자 이야기.md
196,단상 (斷想 ),2025-11-10,11월 29일 강연안내. 그리고..,2269,1,0,,https://blog.naver.com/pillion21/224070729038,아카이브/04_단상 (斷想 )/2025-11-10_11월 29일 강연안내. 그리고.md
197,단상 (斷想 ),2025-11-12,인생을 모르지만..,1892,1,0,,https://blog.naver.com/pillion21/224073122850,아카이브/04_단상 (斷想 )/2025-11-12_인생을 모르지만.md
198,단상 (斷想 ),2025-11-13,버블일까?.,1947,0,0,,https://blog.naver.com/pillion21/224074266823,아카이브/04_단상 (斷想 )/2025-11-13_버블일까_.md
199,단상 (斷想 ),2025-11-15,확률투자 / 확신투자.,2630,2,0,,https://blog.naver.com/pillion21/224076605849,아카이브/04_단상 (斷想 )/2025-11-15_확률투자 _ 확신투자.md
200,단상 (斷想 ),2025-11-18,힘들었던 며칠.,1604,1,0,,https://blog.naver.com/pillion21/224079713426,아카이브/04_단상 (斷想 )/2025-11-18_힘들었던 며칠.md
201,단상 (斷想 ),2025-11-22,돈을 무심히 보는 힘.,1808,2,0,,https://blog.naver.com/pillion21/224084259350,아카이브/04_단상 (斷想 )/2025-11-22_돈을 무심히 보는 힘.md
202,단상 (斷想 ),2025-11-24,지나간 한 페이지.,3218,0,0,,https://blog.naver.com/pillion21/224086716616,아카이브/04_단상 (斷想 )/2025-11-24_지나간 한 페이지.md
203,단상 (斷想 ),2025-11-25,그냥 그렇다는 거다.,1057,3,0,,https://blog.naver.com/pillion21/224087710463,아카이브/04_단상 (斷想 )/2025-11-25_그냥 그렇다는 거다.md
204,단상 (斷想 ),2025-11-27,내길을 내 리듬으로.,1636,0,0,,https://blog.naver.com/pillion21/224089597336,아카이브/04_단상 (斷想 )/2025-11-27_내길을 내 리듬으로.md
205,단상 (斷想 ),2025-11-28,그게 전부다.,1672,1,0,,https://blog.naver.com/pillion21/224090876785,아카이브/04_단상 (斷想 )/2025-11-28_그게 전부다.md
206,단상 (斷想 ),2025-11-30,"기억에 남을 금, 토요일.",2601,0,0,,https://blog.naver.com/pillion21/224093402115,"아카이브/04_단상 (斷想 )/2025-11-30_기억에 남을 금, 토요일.md"
207,단상 (斷想 ),2025-12-02,"확신보다 더 어려운 건, 유연함이다.",1941,1,0,,https://blog.naver.com/pillion21/224095606956,"아카이브/04_단상 (斷想 )/2025-12-02_확신보다 더 어려운 건, 유연함이다.md"
208,단상 (斷想 ),2025-12-04,기운이라는게 있을까?,3913,2,0,,https://blog.naver.com/pillion21/224097828174,아카이브/04_단상 (斷想 )/2025-12-04_기운이라는게 있을까_.md
209,단상 (斷想 ),2025-12-06,패(敗)를 대하는 자세 1.,1745,1,0,,https://blog.naver.com/pillion21/224100591941,아카이브/04_단상 (斷想 )/2025-12-06_패(敗)를 대하는 자세 1.md
210,단상 (斷想 ),2025-12-08,돈을 대하는 상식.,2032,2,0,,https://blog.naver.com/pillion21/224102770775,아카이브/04_단상 (斷想 )/2025-12-08_돈을 대하는 상식.md
211,단상 (斷想 ),2025-12-10,확신과 기대.,2205,3,0,,https://blog.naver.com/pillion21/224104902274,아카이브/04_단상 (斷想 )/2025-12-10_확신과 기대.md
212,단상 (斷想 ),2025-12-13,"시장은 익숙한데, 인생은 낯설다.",2365,0,0,,https://blog.naver.com/pillion21/224108067265,"아카이브/04_단상 (斷想 )/2025-12-13_시장은 익숙한데, 인생은 낯설다.md"
213,단상 (斷想 ),2025-12-17,패를 대하는 자세 2.,5793,5,1,,https://blog.naver.com/pillion21/224112654418,아카이브/04_단상 (斷想 )/2025-12-17_패를 대하는 자세 2.md
214,단상 (斷想 ),2025-12-19,이제는 상상력의 싸움.,1522,2,0,,https://blog.naver.com/pillion21/224115527839,아카이브/04_단상 (斷想 )/2025-12-19_이제는 상상력의 싸움.md
215,단상 (斷想 ),2025-12-21,목계 (木鷄) 1.,4082,1,0,,https://blog.naver.com/pillion21/224117202768,아카이브/04_단상 (斷想 )/2025-12-21_목계 (木鷄) 1.md
216,단상 (斷想 ),2025-12-23,목계 (木鷄) 2.,3442,1,0,,https://blog.naver.com/pillion21/224119560748,아카이브/04_단상 (斷想 )/2025-12-23_목계 (木鷄) 2.md
217,단상 (斷想 ),2025-12-25,목계(木鷄) 3.,3601,2,0,,https://blog.naver.com/pillion21/224122151337,아카이브/04_단상 (斷想 )/2025-12-25_목계(木鷄) 3.md
218,단상 (斷想 ),2025-12-27,목계(木鷄) 4.,1940,3,0,,https://blog.naver.com/pillion21/224124327141,아카이브/04_단상 (斷想 )/2025-12-27_목계(木鷄) 4.md
219,단상 (斷想 ),2025-12-28,목계(木鷄) 5.,1080,2,0,,https://blog.naver.com/pillion21/224125171268,아카이브/04_단상 (斷想 )/2025-12-28_목계(木鷄) 5.md
220,단상 (斷想 ),2025-12-29,뒷이야기.,5077,0,0,,https://blog.naver.com/pillion21/224126418000,아카이브/04_단상 (斷想 )/2025-12-29_뒷이야기.md
221,단상 (斷想 ),2025-12-31,2025.12.31 그리고 끝.,1378,0,0,,https://blog.naver.com/pillion21/224128928285,아카이브/04_단상 (斷想 )/2025-12-31_2025.12.31 그리고 끝.md
222,후배들에게,2022-12-31,질문.,1701,12,0,,https://blog.naver.com/pillion21/222970918860,아카이브/05_후배들에게/2022-12-31_질문.md
223,후배들에게,2023-01-01,네 수준을 정확하게 알고...,1030,0,0,,https://blog.naver.com/pillion21/222972121391,아카이브/05_후배들에게/2023-01-01_네 수준을 정확하게 알고.md
224,후배들에게,2023-01-04,대화 3.,992,1,0,,https://blog.naver.com/pillion21/222975002442,아카이브/05_후배들에게/2023-01-04_대화 3.md
225,후배들에게,2023-01-04,대화2,600,1,0,,https://blog.naver.com/pillion21/222974560901,아카이브/05_후배들에게/2023-01-04_대화2.md
226,후배들에게,2023-01-04,대화 1.,690,1,0,,https://blog.naver.com/pillion21/222974514282,아카이브/05_후배들에게/2023-01-04_대화 1.md
227,후배들에게,2023-01-12,네게 맞는 방식을 서둘지 말고 찾아라,4991,4,0,,https://blog.naver.com/pillion21/222982317290,아카이브/05_후배들에게/2023-01-12_네게 맞는 방식을 서둘지 말고 찾아라.md
228,후배들에게,2023-01-19,대화 4,3259,7,0,,https://blog.naver.com/pillion21/222988818188,아카이브/05_후배들에게/2023-01-19_대화 4.md
229,후배들에게,2023-01-26,영혼을 갈아 넣어라.,3150,1,0,,https://blog.naver.com/pillion21/222995099327,아카이브/05_후배들에게/2023-01-26_영혼을 갈아 넣어라.md
230,후배들에게,2023-02-02,매몰 비용의 오류,2971,0,0,,https://blog.naver.com/pillion21/223003139150,아카이브/05_후배들에게/2023-02-02_매몰 비용의 오류.md
231,후배들에게,2023-02-07,열명..,2520,3,0,,https://blog.naver.com/pillion21/223008176144,아카이브/05_후배들에게/2023-02-07_열명.md
232,후배들에게,2023-02-08,그림 한장.,369,1,0,,https://blog.naver.com/pillion21/223009555753,아카이브/05_후배들에게/2023-02-08_그림 한장.md
233,후배들에게,2023-02-10,잡담,3253,1,0,,https://blog.naver.com/pillion21/223011357315,아카이브/05_후배들에게/2023-02-10_잡담.md
234,후배들에게,2023-02-12,게임의 본질 1.,4010,0,0,,https://blog.naver.com/pillion21/223013208265,아카이브/05_후배들에게/2023-02-12_게임의 본질 1.md
235,후배들에게,2023-02-15,게임의 본질 2.,4301,1,0,,https://blog.naver.com/pillion21/223016400919,아카이브/05_후배들에게/2023-02-15_게임의 본질 2.md
236,후배들에게,2023-02-18,음악 한곡.,601,0,0,,https://blog.naver.com/pillion21/223020258361,아카이브/05_후배들에게/2023-02-18_음악 한곡.md
237,후배들에게,2023-02-20,잡담 2.,3328,0,0,,https://blog.naver.com/pillion21/223021596388,아카이브/05_후배들에게/2023-02-20_잡담 2.md
238,후배들에게,2023-02-23,개인투자자의 모습.,5857,2,0,,https://blog.naver.com/pillion21/223025471397,아카이브/05_후배들에게/2023-02-23_개인투자자의 모습.md
239,후배들에게,2023-02-28,투자의 동의어는 Risk.,5109,0,0,,https://blog.naver.com/pillion21/223030140266,아카이브/05_후배들에게/2023-02-28_투자의 동의어는 Risk.md
240,후배들에게,2023-03-02,잡담 3,3212,1,0,,https://blog.naver.com/pillion21/223032557691,아카이브/05_후배들에게/2023-03-02_잡담 3.md
241,후배들에게,2023-03-07,트레이더를 꿈꾸는 분들께 1.,3693,3,0,,https://blog.naver.com/pillion21/223037224845,아카이브/05_후배들에게/2023-03-07_트레이더를 꿈꾸는 분들께 1.md
242,후배들에게,2023-03-08,트레이더를 꿈꾸는 분들께 2.,2155,0,0,,https://blog.naver.com/pillion21/223038137794,아카이브/05_후배들에게/2023-03-08_트레이더를 꿈꾸는 분들께 2.md
243,후배들에게,2023-03-10,끝,4569,0,0,,https://blog.naver.com/pillion21/223040543072,아카이브/05_후배들에게/2023-03-10_끝.md
244,후배들에게,2023-04-09,덧붙이는 글.,8592,0,0,,https://blog.naver.com/pillion21/223069257059,아카이브/05_후배들에게/2023-04-09_덧붙이는 글.md
245,all in,2020-12-19,시작,2592,0,0,,https://blog.naver.com/pillion21/222178537747,아카이브/06_all in/2020-12-19_시작.md
246,all in,2020-12-26,10 년동안의 꿈,2353,0,0,,https://blog.naver.com/pillion21/222185738266,아카이브/06_all in/2020-12-26_10 년동안의 꿈.md
247,all in,2020-12-27,도박이라고?,1895,0,0,,https://blog.naver.com/pillion21/222186908005,아카이브/06_all in/2020-12-27_도박이라고_.md
248,all in,2020-12-28,한권의 책을 추천하라면?,1858,0,0,,https://blog.naver.com/pillion21/222187631327,아카이브/06_all in/2020-12-28_한권의 책을 추천하라면_.md
249,all in,2021-01-01,수적석천(水滴石穿),1761,0,0,,https://blog.naver.com/pillion21/222192538823,아카이브/06_all in/2021-01-01_수적석천(水滴石穿).md
250,all in,2021-01-05,거래의 핵심 첫번째,698,0,0,,https://blog.naver.com/pillion21/222197606261,아카이브/06_all in/2021-01-05_거래의 핵심 첫번째.md
251,all in,2021-01-07,코스피 3000p ...,1813,0,0,,https://blog.naver.com/pillion21/222199960906,아카이브/06_all in/2021-01-07_코스피 3000p.md
252,all in,2021-01-15,어느쪽을 볼것인가?,1507,1,0,,https://blog.naver.com/pillion21/222208084054,아카이브/06_all in/2021-01-15_어느쪽을 볼것인가_.md
253,all in,2021-01-22,공포라는 감정..,2797,1,0,,https://blog.naver.com/pillion21/222216384826,아카이브/06_all in/2021-01-22_공포라는 감정.md
254,all in,2021-01-26,공포라는 감정 2,2774,1,0,,https://blog.naver.com/pillion21/222220638000,아카이브/06_all in/2021-01-26_공포라는 감정 2.md
255,all in,2021-02-03,Insight..  통찰력.. 혜안..,2338,0,0,,https://blog.naver.com/pillion21/222230420149,아카이브/06_all in/2021-02-03_Insight.. 통찰력.. 혜안.md
256,all in,2021-02-17,공포라는 감정 3.,3105,1,0,,https://blog.naver.com/pillion21/222247100839,아카이브/06_all in/2021-02-17_공포라는 감정 3.md
257,all in,2021-02-21,Comparison is the thief of joy !,1602,0,0,,https://blog.naver.com/pillion21/222250971295,아카이브/06_all in/2021-02-21_Comparison is the thief of joy !.md
258,all in,2021-02-25,이웃 블로그에서..,1051,1,0,,https://blog.naver.com/pillion21/222256634949,아카이브/06_all in/2021-02-25_이웃 블로그에서.md
259,all in,2021-03-04,이 한장의 그림,43,1,0,,https://blog.naver.com/pillion21/222264529723,아카이브/06_all in/2021-03-04_이 한장의 그림.md
260,all in,2021-03-06,이 한장의 사진,132,1,0,,https://blog.naver.com/pillion21/222266209769,아카이브/06_all in/2021-03-06_이 한장의 사진.md
261,all in,2021-03-06,전업 투자자가 꿈이라고?,2071,1,0,,https://blog.naver.com/pillion21/222266184356,아카이브/06_all in/2021-03-06_전업 투자자가 꿈이라고_.md
262,all in,2021-03-08,결...,1323,1,0,,https://blog.naver.com/pillion21/222268367150,아카이브/06_all in/2021-03-08_결.md
263,all in,2021-03-12,그림의 의미..,2000,1,0,,https://blog.naver.com/pillion21/222273184856,아카이브/06_all in/2021-03-12_그림의 의미.md
264,all in,2021-03-14,시스템 트레이딩에 대한 단상 1.,2102,1,0,,https://blog.naver.com/pillion21/222274868587,아카이브/06_all in/2021-03-14_시스템 트레이딩에 대한 단상 1.md
265,all in,2021-03-16,[공유] 돈을 이기는 법 - 거래 이야기,1494,1,0,,https://blog.naver.com/pillion21/222276953817,아카이브/06_all in/2021-03-16_[공유] 돈을 이기는 법 - 거래 이야기.md
266,all in,2021-03-22,운은 승부를 결정짓지 못한다.,781,0,0,,https://blog.naver.com/pillion21/222284135280,아카이브/06_all in/2021-03-22_운은 승부를 결정짓지 못한다.md
267,all in,2021-03-23,시스템 트레이딩에 대한 단상 2.,3028,3,0,,https://blog.naver.com/pillion21/222284946597,아카이브/06_all in/2021-03-23_시스템 트레이딩에 대한 단상 2.md
268,all in,2021-03-27,왕도는 없지만...,2901,0,0,,https://blog.naver.com/pillion21/222289538234,아카이브/06_all in/2021-03-27_왕도는 없지만.md
269,all in,2021-03-29,왕도는 없지만.. 2,2041,0,0,,https://blog.naver.com/pillion21/222291715196,아카이브/06_all in/2021-03-29_왕도는 없지만.. 2.md
270,all in,2021-03-30,투자의 성공 요인,729,0,0,,https://blog.naver.com/pillion21/222292175972,아카이브/06_all in/2021-03-30_투자의 성공 요인.md
271,all in,2021-04-01,거래의 핵심 두번째.,1850,0,0,,https://blog.naver.com/pillion21/222294569896,아카이브/06_all in/2021-04-01_거래의 핵심 두번째.md
272,all in,2021-04-04,진실,13,1,0,,https://blog.naver.com/pillion21/222298013272,아카이브/06_all in/2021-04-04_진실.md
273,all in,2021-04-06,주식시장에서 복리가 가능할까 1.,1746,0,0,,https://blog.naver.com/pillion21/222301084441,아카이브/06_all in/2021-04-06_주식시장에서 복리가 가능할까 1.md
274,all in,2021-04-12,신용은 꺼..,1726,0,0,,https://blog.naver.com/pillion21/222306874022,아카이브/06_all in/2021-04-12_신용은 꺼.md
275,all in,2021-04-14,주식시장에서 복리가 가능할까? 2,1721,0,0,,https://blog.naver.com/pillion21/222310148052,아카이브/06_all in/2021-04-14_주식시장에서 복리가 가능할까_ 2.md
276,all in,2021-04-17,주식시장에서 복리가 가능할까? 3,1963,0,0,,https://blog.naver.com/pillion21/222313407491,아카이브/06_all in/2021-04-17_주식시장에서 복리가 가능할까_ 3.md
277,all in,2021-04-23,주식시장에서 복리가 가능할까? 4.,2787,1,0,,https://blog.naver.com/pillion21/222320653872,아카이브/06_all in/2021-04-23_주식시장에서 복리가 가능할까_ 4.md
278,all in,2021-04-26,정답은 없지만 성공한 사람은 많다.,1696,0,0,,https://blog.naver.com/pillion21/222323161459,아카이브/06_all in/2021-04-26_정답은 없지만 성공한 사람은 많다.md
279,all in,2021-05-02,간절함...,1864,0,0,,https://blog.naver.com/pillion21/222332396822,아카이브/06_all in/2021-05-02_간절함.md
280,all in,2021-05-06,인내심..,2062,0,0,,https://blog.naver.com/pillion21/222339626674,아카이브/06_all in/2021-05-06_인내심.md
281,all in,2021-05-07,투자 vs 트레이딩..,2888,0,0,,https://blog.naver.com/pillion21/222342043145,아카이브/06_all in/2021-05-07_투자 vs 트레이딩.md
282,all in,2021-05-10,고수와 하수,1624,0,0,,https://blog.naver.com/pillion21/222344581658,아카이브/06_all in/2021-05-10_고수와 하수.md
283,all in,2021-05-19,경험의 무게 ?,2609,1,0,,https://blog.naver.com/pillion21/222356644628,아카이브/06_all in/2021-05-19_경험의 무게 _.md
284,all in,2021-05-23,자만하지 마라. 서둘지 마라. 망설이지 마라.,1605,0,0,,https://blog.naver.com/pillion21/222362759544,아카이브/06_all in/2021-05-23_자만하지 마라. 서둘지 마라. 망설이지 마라.md
285,all in,2021-05-30,과정의 중요성..,1032,0,0,,https://blog.naver.com/pillion21/222375444204,아카이브/06_all in/2021-05-30_과정의 중요성.md
286,all in,2021-06-02,여동생 부부,2023,1,0,,https://blog.naver.com/pillion21/222381597962,아카이브/06_all in/2021-06-02_여동생 부부.md
287,all in,2021-06-09,원칙 1,1149,0,0,,https://blog.naver.com/pillion21/222391599644,아카이브/06_all in/2021-06-09_원칙 1.md
288,all in,2021-06-10,원칙 2.,3138,3,0,,https://blog.naver.com/pillion21/222393101024,아카이브/06_all in/2021-06-10_원칙 2.md
289,all in,2021-06-14,Perfect is the enemy of good.,2103,0,0,,https://blog.naver.com/pillion21/222397253799,아카이브/06_all in/2021-06-14_Perfect is the enemy of good.md
290,all in,2021-06-24,근성..,2540,0,0,,https://blog.naver.com/pillion21/222408884960,아카이브/06_all in/2021-06-24_근성.md
291,all in,2021-06-28,포정해우(庖丁解牛),2682,0,0,,https://blog.naver.com/pillion21/222412539578,아카이브/06_all in/2021-06-28_포정해우(庖丁解牛).md
292,all in,2021-07-03,실패가 준 선물.,1440,0,0,,https://blog.naver.com/pillion21/222418925862,아카이브/06_all in/2021-07-03_실패가 준 선물.md
293,all in,2021-07-11,몰입,1780,0,0,,https://blog.naver.com/pillion21/222427474665,아카이브/06_all in/2021-07-11_몰입.md
294,all in,2021-07-12,끝,4327,0,0,,https://blog.naver.com/pillion21/222429256925,아카이브/06_all in/2021-07-12_끝.md
295,매매일지,2007-10-04,10월 4일.. 출발이다...,441,0,0,,https://blog.naver.com/pillion21/120043125263,아카이브/07_매매일지/2007-10-04_10월 4일.. 출발이다.md
296,매매일지,2007-10-08,10월 8일,1054,1,1,,https://blog.naver.com/pillion21/120043246942,아카이브/07_매매일지/2007-10-08_10월 8일.md
297,매매일지,2007-10-09,10월 9일,774,1,1,,https://blog.naver.com/pillion21/120043275685,아카이브/07_매매일지/2007-10-09_10월 9일.md
298,매매일지,2007-10-10,10월 10일,1043,1,1,,https://blog.naver.com/pillion21/120043305541,아카이브/07_매매일지/2007-10-10_10월 10일.md
299,매매일지,2007-10-11,10월 11일,1410,1,1,,https://blog.naver.com/pillion21/120043338129,아카이브/07_매매일지/2007-10-11_10월 11일.md
300,매매일지,2007-10-12,10월 11일,253,1,1,,https://blog.naver.com/pillion21/120043368611,아카이브/07_매매일지/2007-10-12_10월 11일.md
301,매매일지,2007-10-15,10월 15일,692,1,1,,https://blog.naver.com/pillion21/120043473379,아카이브/07_매매일지/2007-10-15_10월 15일.md
302,매매일지,2007-10-16,10월 16일,1080,1,1,,https://blog.naver.com/pillion21/120043507028,아카이브/07_매매일지/2007-10-16_10월 16일.md
303,매매일지,2007-10-17,10월 16일,602,1,1,,https://blog.naver.com/pillion21/120043539025,아카이브/07_매매일지/2007-10-17_10월 16일.md
304,매매일지,2007-10-18,10월 18일,222,1,1,,https://blog.naver.com/pillion21/120043575572,아카이브/07_매매일지/2007-10-18_10월 18일.md
305,매매일지,2007-10-22,會當凌絶頂 一覽衆山小 10/22일,332,0,0,,https://blog.naver.com/pillion21/120043713341,아카이브/07_매매일지/2007-10-22_會當凌絶頂 一覽衆山小 10_22일.md
306,매매일지,2007-10-22,會當凌絶頂 一覽衆山小 10/19일,308,1,0,,https://blog.naver.com/pillion21/120043713319,아카이브/07_매매일지/2007-10-22_會當凌絶頂 一覽衆山小 10_19일.md
307,매매일지,2007-10-23,10월 23일,441,0,1,,https://blog.naver.com/pillion21/120043753787,아카이브/07_매매일지/2007-10-23_10월 23일.md
308,매매일지,2007-10-24,10월 24일,359,0,1,,https://blog.naver.com/pillion21/120043786153,아카이브/07_매매일지/2007-10-24_10월 24일.md
309,매매일지,2007-10-29,10월 29일,265,0,1,,https://blog.naver.com/pillion21/120043968838,아카이브/07_매매일지/2007-10-29_10월 29일.md
310,매매일지,2007-11-06,會當凌絶頂 一覽衆山小 11/6,1231,0,1,,https://blog.naver.com/pillion21/120044257770,아카이브/07_매매일지/2007-11-06_會當凌絶頂 一覽衆山小 11_6.md
311,매매일지,2007-11-08,會當凌絶頂 一覽衆山小 11/8,880,0,1,,https://blog.naver.com/pillion21/120044331158,아카이브/07_매매일지/2007-11-08_會當凌絶頂 一覽衆山小 11_8.md
312,매매일지,2007-11-14,會當凌絶頂 一覽衆山小 11/14,943,0,1,,https://blog.naver.com/pillion21/120044560451,아카이브/07_매매일지/2007-11-14_會當凌絶頂 一覽衆山小 11_14.md
313,매매일지,2007-11-15,會當凌絶頂 一覽衆山小 11/15,917,0,1,,https://blog.naver.com/pillion21/120044604482,아카이브/07_매매일지/2007-11-15_會當凌絶頂 一覽衆山小 11_15.md
314,매매일지,2007-11-19,11월 19일,0,1,0,,https://blog.naver.com/pillion21/120044749012,아카이브/07_매매일지/2007-11-19_11월 19일.md
315,매매일지,2007-11-21,會當凌絶頂 一覽衆山小 11/21,674,0,1,,https://blog.naver.com/pillion21/120044818195,아카이브/07_매매일지/2007-11-21_會當凌絶頂 一覽衆山小 11_21.md
316,매매일지,2007-11-22,會當凌絶頂 一覽衆山小 11/22,972,0,1,,https://blog.naver.com/pillion21/120044855647,아카이브/07_매매일지/2007-11-22_會當凌絶頂 一覽衆山小 11_22.md
317,매매일지,2007-11-27,會當凌絶頂 一覽衆山小 11/27,1477,0,1,,https://blog.naver.com/pillion21/120045042285,아카이브/07_매매일지/2007-11-27_會當凌絶頂 一覽衆山小 11_27.md
318,매매일지,2007-11-29,會當凌絶頂 一覽衆山小 11/29,927,0,1,,https://blog.naver.com/pillion21/120045114307,아카이브/07_매매일지/2007-11-29_會當凌絶頂 一覽衆山小 11_29.md
319,매매일지,2007-11-29,11월 28일,402,0,0,,https://blog.naver.com/pillion21/120045114296,아카이브/07_매매일지/2007-11-29_11월 28일.md
320,매매일지,2007-12-05,會當凌絶頂 一覽衆山小 12/5,700,0,1,,https://blog.naver.com/pillion21/120045324186,아카이브/07_매매일지/2007-12-05_會當凌絶頂 一覽衆山小 12_5.md
321,매매일지,2007-12-05,12월 4일,494,0,0,,https://blog.naver.com/pillion21/120045324161,아카이브/07_매매일지/2007-12-05_12월 4일.md
322,매매일지,2007-12-06,會當凌絶頂 一覽衆山小 12/6,195,0,1,,https://blog.naver.com/pillion21/120045360865,아카이브/07_매매일지/2007-12-06_會當凌絶頂 一覽衆山小 12_6.md
323,매매일지,2007-12-07,會當凌絶頂 一覽衆山小 12/7,2373,0,2,,https://blog.naver.com/pillion21/120045396282,아카이브/07_매매일지/2007-12-07_會當凌絶頂 一覽衆山小 12_7.md
324,매매일지,2007-12-10,會當凌絶頂 一覽衆山小 12/10,2575,0,1,,https://blog.naver.com/pillion21/120045510780,아카이브/07_매매일지/2007-12-10_會當凌絶頂 一覽衆山小 12_10.md
325,매매일지,2007-12-11,會當凌絶頂 一覽衆山小 12/11,141,0,1,,https://blog.naver.com/pillion21/120045548682,아카이브/07_매매일지/2007-12-11_會當凌絶頂 一覽衆山小 12_11.md
326,매매일지,2007-12-12,會當凌絶頂 一覽衆山小 12/12,545,0,1,,https://blog.naver.com/pillion21/120045587538,아카이브/07_매매일지/2007-12-12_會當凌絶頂 一覽衆山小 12_12.md
327,매매일지,2007-12-13,會當凌絶頂 一覽衆山小 12/13,515,0,1,,https://blog.naver.com/pillion21/120045623638,아카이브/07_매매일지/2007-12-13_會當凌絶頂 一覽衆山小 12_13.md
328,매매일지,2007-12-14,會當凌絶頂 一覽衆山小 12/14,248,0,1,,https://blog.naver.com/pillion21/120045661858,아카이브/07_매매일지/2007-12-14_會當凌絶頂 一覽衆山小 12_14.md
329,매매일지,2007-12-18,會當凌絶頂 一覽衆山小 12/18,206,0,1,,https://blog.naver.com/pillion21/120045806276,아카이브/07_매매일지/2007-12-18_會當凌絶頂 一覽衆山小 12_18.md
330,매매일지,2008-01-02,한해 수고 많이 하셨습니다. !!,435,0,0,,https://blog.naver.com/pillion21/120046349686,아카이브/07_매매일지/2008-01-02_한해 수고 많이 하셨습니다. !!.md
331,매매일지,2008-01-04,會當凌絶頂 一覽衆山小 1/4,1181,0,1,,https://blog.naver.com/pillion21/120046430707,아카이브/07_매매일지/2008-01-04_會當凌絶頂 一覽衆山小 1_4.md
332,매매일지,2008-01-08,會當凌絶頂 一覽衆山小 1/8,552,0,1,,https://blog.naver.com/pillion21/120046579056,아카이브/07_매매일지/2008-01-08_會當凌絶頂 一覽衆山小 1_8.md
333,매매일지,2008-01-10,會當凌絶頂 一覽衆山小 1/10,521,0,1,,https://blog.naver.com/pillion21/120046662848,아카이브/07_매매일지/2008-01-10_會當凌絶頂 一覽衆山小 1_10.md
334,매매일지,2008-01-11,會當凌絶頂 一覽衆山小 1/11,386,0,1,,https://blog.naver.com/pillion21/120046707861,아카이브/07_매매일지/2008-01-11_會當凌絶頂 一覽衆山小 1_11.md
335,매매일지,2008-01-18,會當凌絶頂 一覽衆山小 1/18,322,0,1,,https://blog.naver.com/pillion21/120046981865,아카이브/07_매매일지/2008-01-18_會當凌絶頂 一覽衆山小 1_18.md
336,매매일지,2008-01-21,會當凌絶頂 一覽衆山小 1/21,466,0,1,,https://blog.naver.com/pillion21/120047097067,아카이브/07_매매일지/2008-01-21_會當凌絶頂 一覽衆山小 1_21.md
337,매매일지,2008-01-22,會當凌絶頂 一覽衆山小 1/22,486,0,1,,https://blog.naver.com/pillion21/120047135555,아카이브/07_매매일지/2008-01-22_會當凌絶頂 一覽衆山小 1_22.md
338,매매일지,2008-01-24,會當凌絶頂 一覽衆山小 1/24,339,0,1,,https://blog.naver.com/pillion21/120047223357,아카이브/07_매매일지/2008-01-24_會當凌絶頂 一覽衆山小 1_24.md
339,매매일지,2008-01-25,會當凌絶頂 一覽衆山小 1/25,752,0,1,,https://blog.naver.com/pillion21/120047263159,아카이브/07_매매일지/2008-01-25_會當凌絶頂 一覽衆山小 1_25.md
340,매매일지,2008-01-28,會當凌絶頂 一覽衆山小 1/28,136,2,0,,https://blog.naver.com/pillion21/120047376958,아카이브/07_매매일지/2008-01-28_會當凌絶頂 一覽衆山小 1_28.md
341,매매일지,2008-01-31,會當凌絶頂 一覽衆山小 1/31,1494,0,1,,https://blog.naver.com/pillion21/120047514621,아카이브/07_매매일지/2008-01-31_會當凌絶頂 一覽衆山小 1_31.md
342,매매일지,2008-01-31,會當凌絶頂 一覽衆山小 1/30,217,0,1,,https://blog.naver.com/pillion21/120047514604,아카이브/07_매매일지/2008-01-31_會當凌絶頂 一覽衆山小 1_30.md
343,매매일지,2008-02-04,會當凌絶頂 一覽衆山小 2/4,1309,0,1,,https://blog.naver.com/pillion21/120047669211,아카이브/07_매매일지/2008-02-04_會當凌絶頂 一覽衆山小 2_4.md
344,매매일지,2008-02-15,會當凌絶頂 一覽衆山小 2/15,492,0,1,,https://blog.naver.com/pillion21/120048054947,아카이브/07_매매일지/2008-02-15_會當凌絶頂 一覽衆山小 2_15.md
345,매매일지,2008-03-11,會當凌絶頂 一覽衆山小 3/11,1967,0,1,,https://blog.naver.com/pillion21/120049123094,아카이브/07_매매일지/2008-03-11_會當凌絶頂 一覽衆山小 3_11.md
346,매매일지,2008-03-14,會當凌絶頂 一覽衆山小 3/14,239,0,1,,https://blog.naver.com/pillion21/120049217299,아카이브/07_매매일지/2008-03-14_會當凌絶頂 一覽衆山小 3_14.md
347,매매일지,2008-04-16,會當凌絶頂 一覽衆山小 4/16,2278,0,1,,https://blog.naver.com/pillion21/120050457016,아카이브/07_매매일지/2008-04-16_會當凌絶頂 一覽衆山小 4_16.md
348,매매일지,2008-05-25,천일야화 1,907,2,0,,https://blog.naver.com/pillion21/120051761735,아카이브/07_매매일지/2008-05-25_천일야화 1.md
349,매매일지,2008-05-26,천일야화 2,1300,2,0,,https://blog.naver.com/pillion21/120051794283,아카이브/07_매매일지/2008-05-26_천일야화 2.md
350,매매일지,2008-05-27,천일야화 3,0,2,0,,https://blog.naver.com/pillion21/120051831869,아카이브/07_매매일지/2008-05-27_천일야화 3.md
351,매매일지,2008-05-28,천일야화 4,1448,2,0,,https://blog.naver.com/pillion21/120051863764,아카이브/07_매매일지/2008-05-28_천일야화 4.md
352,매매일지,2008-05-29,천일야화 5,315,2,0,,https://blog.naver.com/pillion21/120051896182,아카이브/07_매매일지/2008-05-29_천일야화 5.md
353,매매일지,2008-05-30,천일야화 6,0,2,0,,https://blog.naver.com/pillion21/120051939376,아카이브/07_매매일지/2008-05-30_천일야화 6.md
354,매매일지,2008-06-02,천일야화 7,0,2,0,,https://blog.naver.com/pillion21/120052569404,아카이브/07_매매일지/2008-06-02_천일야화 7.md
355,매매일지,2008-06-03,천일야화 8,0,2,0,,https://blog.naver.com/pillion21/120052604054,아카이브/07_매매일지/2008-06-03_천일야화 8.md
356,매매일지,2008-06-04,천일야화 9,934,3,0,,https://blog.naver.com/pillion21/120052633064,아카이브/07_매매일지/2008-06-04_천일야화 9.md
357,매매일지,2008-06-05,천일야화 10,1431,2,0,,https://blog.naver.com/pillion21/120052663847,아카이브/07_매매일지/2008-06-05_천일야화 10.md
358,매매일지,2008-06-09,천일야화 11,0,2,0,,https://blog.naver.com/pillion21/120052799007,아카이브/07_매매일지/2008-06-09_천일야화 11.md
359,매매일지,2008-06-10,천일야화 12,0,2,0,,https://blog.naver.com/pillion21/120052832201,아카이브/07_매매일지/2008-06-10_천일야화 12.md
360,매매일지,2008-06-11,천일야화 13,0,2,0,,https://blog.naver.com/pillion21/120052866051,아카이브/07_매매일지/2008-06-11_천일야화 13.md
361,매매일지,2008-06-12,천일야화 14,0,2,0,,https://blog.naver.com/pillion21/120052896110,아카이브/07_매매일지/2008-06-12_천일야화 14.md
362,매매일지,2008-06-13,천일야화 15,0,2,0,,https://blog.naver.com/pillion21/120052924761,아카이브/07_매매일지/2008-06-13_천일야화 15.md
363,매매일지,2008-06-16,천일야화 16,0,2,0,,https://blog.naver.com/pillion21/120053019596,아카이브/07_매매일지/2008-06-16_천일야화 16.md
364,매매일지,2008-06-17,천일야화 17,0,2,0,,https://blog.naver.com/pillion21/120053049631,아카이브/07_매매일지/2008-06-17_천일야화 17.md
365,매매일지,2008-06-18,천일야화 18,0,2,0,,https://blog.naver.com/pillion21/120053080642,아카이브/07_매매일지/2008-06-18_천일야화 18.md
366,매매일지,2008-06-19,천일야화 19,0,2,0,,https://blog.naver.com/pillion21/120053121108,아카이브/07_매매일지/2008-06-19_천일야화 19.md
367,매매일지,2008-06-20,천일야화 20,0,2,0,,https://blog.naver.com/pillion21/120053152783,아카이브/07_매매일지/2008-06-20_천일야화 20.md
368,매매일지,2008-06-23,천일야화 21,0,2,0,,https://blog.naver.com/pillion21/120053246431,아카이브/07_매매일지/2008-06-23_천일야화 21.md
369,매매일지,2008-06-24,천일야화 22,0,2,0,,https://blog.naver.com/pillion21/120053279760,아카이브/07_매매일지/2008-06-24_천일야화 22.md
370,매매일지,2008-06-25,천일야화 23,0,2,0,,https://blog.naver.com/pillion21/120053310765,아카이브/07_매매일지/2008-06-25_천일야화 23.md
371,매매일지,2008-06-26,천일야화 24,0,2,0,,https://blog.naver.com/pillion21/120053343715,아카이브/07_매매일지/2008-06-26_천일야화 24.md
372,매매일지,2008-06-27,천일야화 25,0,2,0,,https://blog.naver.com/pillion21/120053372959,아카이브/07_매매일지/2008-06-27_천일야화 25.md
373,매매일지,2008-06-30,천일야화 26,0,2,0,,https://blog.naver.com/pillion21/120053462175,아카이브/07_매매일지/2008-06-30_천일야화 26.md
374,매매일지,2008-07-01,천일야화 27,0,2,0,,https://blog.naver.com/pillion21/120053492667,아카이브/07_매매일지/2008-07-01_천일야화 27.md
375,매매일지,2008-07-02,천일야화 28,0,2,0,,https://blog.naver.com/pillion21/120053522034,아카이브/07_매매일지/2008-07-02_천일야화 28.md
376,매매일지,2008-07-03,천일야화 29,0,2,0,,https://blog.naver.com/pillion21/120053552828,아카이브/07_매매일지/2008-07-03_천일야화 29.md
377,매매일지,2008-07-04,천일야화 30,0,2,0,,https://blog.naver.com/pillion21/120053581793,아카이브/07_매매일지/2008-07-04_천일야화 30.md
378,매매일지,2008-07-07,천일야화 31,352,2,0,,https://blog.naver.com/pillion21/120053667662,아카이브/07_매매일지/2008-07-07_천일야화 31.md
379,매매일지,2008-07-08,천일야화 32,279,2,0,,https://blog.naver.com/pillion21/120053696362,아카이브/07_매매일지/2008-07-08_천일야화 32.md
380,매매일지,2008-07-09,천일야화 33,0,2,0,,https://blog.naver.com/pillion21/120053727015,아카이브/07_매매일지/2008-07-09_천일야화 33.md
381,매매일지,2008-07-10,천일야화 34,0,2,0,,https://blog.naver.com/pillion21/120053755953,아카이브/07_매매일지/2008-07-10_천일야화 34.md
382,매매일지,2008-07-11,천일야화 35,0,2,0,,https://blog.naver.com/pillion21/120053785246,아카이브/07_매매일지/2008-07-11_천일야화 35.md
383,매매일지,2008-07-14,천일야화 36,0,2,0,,https://blog.naver.com/pillion21/120053874168,아카이브/07_매매일지/2008-07-14_천일야화 36.md
384,매매일지,2008-07-15,천일야화 37,0,2,0,,https://blog.naver.com/pillion21/120053904974,아카이브/07_매매일지/2008-07-15_천일야화 37.md
385,매매일지,2008-07-16,천일야화 38,0,2,0,,https://blog.naver.com/pillion21/120053936524,아카이브/07_매매일지/2008-07-16_천일야화 38.md
386,매매일지,2008-07-17,천일야화 39,0,2,0,,https://blog.naver.com/pillion21/120053968413,아카이브/07_매매일지/2008-07-17_천일야화 39.md
387,매매일지,2008-07-18,천일야화 40,0,2,0,,https://blog.naver.com/pillion21/120053998408,아카이브/07_매매일지/2008-07-18_천일야화 40.md
388,매매일지,2008-07-21,천일야화 41,0,2,0,,https://blog.naver.com/pillion21/120054092448,아카이브/07_매매일지/2008-07-21_천일야화 41.md
389,매매일지,2008-07-22,천일야화 42,0,2,0,,https://blog.naver.com/pillion21/120054126349,아카이브/07_매매일지/2008-07-22_천일야화 42.md
390,매매일지,2008-07-23,천일야화 43,0,2,0,,https://blog.naver.com/pillion21/120054159718,아카이브/07_매매일지/2008-07-23_천일야화 43.md
391,매매일지,2008-07-24,천일야화 44,0,2,0,,https://blog.naver.com/pillion21/120054194943,아카이브/07_매매일지/2008-07-24_천일야화 44.md
392,매매일지,2008-07-25,천일야화 45,0,2,0,,https://blog.naver.com/pillion21/120054229200,아카이브/07_매매일지/2008-07-25_천일야화 45.md
393,매매일지,2008-07-28,천일야화 46,723,2,0,,https://blog.naver.com/pillion21/120054321806,아카이브/07_매매일지/2008-07-28_천일야화 46.md
394,매매일지,2008-07-29,천일야화 47,0,2,0,,https://blog.naver.com/pillion21/120054357071,아카이브/07_매매일지/2008-07-29_천일야화 47.md
395,매매일지,2008-07-30,천일야화 48,0,2,0,,https://blog.naver.com/pillion21/120054388887,아카이브/07_매매일지/2008-07-30_천일야화 48.md
396,매매일지,2008-07-31,천일야화 49,0,2,0,,https://blog.naver.com/pillion21/120054421210,아카이브/07_매매일지/2008-07-31_천일야화 49.md
397,매매일지,2008-08-01,천일야화 50,0,2,0,,https://blog.naver.com/pillion21/120054451907,아카이브/07_매매일지/2008-08-01_천일야화 50.md
398,매매일지,2008-08-04,천일야화 51,0,2,0,,https://blog.naver.com/pillion21/120054535215,아카이브/07_매매일지/2008-08-04_천일야화 51.md
399,매매일지,2008-08-05,천일야화 52,0,2,0,,https://blog.naver.com/pillion21/120054567421,아카이브/07_매매일지/2008-08-05_천일야화 52.md
400,매매일지,2008-08-06,천일야화 53,0,2,0,,https://blog.naver.com/pillion21/120054600618,아카이브/07_매매일지/2008-08-06_천일야화 53.md
401,매매일지,2008-08-07,천일야화 54,0,2,0,,https://blog.naver.com/pillion21/120054633108,아카이브/07_매매일지/2008-08-07_천일야화 54.md
402,매매일지,2008-08-08,천일야화 55,0,2,0,,https://blog.naver.com/pillion21/120054667409,아카이브/07_매매일지/2008-08-08_천일야화 55.md
403,매매일지,2008-08-11,천일야화 56,0,2,0,,https://blog.naver.com/pillion21/120054752603,아카이브/07_매매일지/2008-08-11_천일야화 56.md
404,매매일지,2008-08-12,천일야화 57,0,2,0,,https://blog.naver.com/pillion21/120054784044,아카이브/07_매매일지/2008-08-12_천일야화 57.md
405,매매일지,2008-08-13,천일야화 58,0,2,0,,https://blog.naver.com/pillion21/120054818065,아카이브/07_매매일지/2008-08-13_천일야화 58.md
406,매매일지,2008-08-14,천일야화 59,0,2,0,,https://blog.naver.com/pillion21/120054852443,아카이브/07_매매일지/2008-08-14_천일야화 59.md
407,매매일지,2008-08-18,천일야화 60,0,2,0,,https://blog.naver.com/pillion21/120054984464,아카이브/07_매매일지/2008-08-18_천일야화 60.md
408,매매일지,2008-08-19,천일야화 61,0,2,0,,https://blog.naver.com/pillion21/120055022472,아카이브/07_매매일지/2008-08-19_천일야화 61.md
409,매매일지,2008-08-20,천일야화 62,0,2,0,,https://blog.naver.com/pillion21/120055059184,아카이브/07_매매일지/2008-08-20_천일야화 62.md
410,매매일지,2008-08-21,천일야화 63,0,2,0,,https://blog.naver.com/pillion21/120055094703,아카이브/07_매매일지/2008-08-21_천일야화 63.md
411,매매일지,2008-08-22,천일야화 64,0,2,0,,https://blog.naver.com/pillion21/120055130661,아카이브/07_매매일지/2008-08-22_천일야화 64.md
412,매매일지,2008-08-25,천일야화 65,0,2,0,,https://blog.naver.com/pillion21/120055228201,아카이브/07_매매일지/2008-08-25_천일야화 65.md
413,매매일지,2008-08-26,천일야화 66,0,2,0,,https://blog.naver.com/pillion21/120055296986,아카이브/07_매매일지/2008-08-26_천일야화 66.md
414,매매일지,2008-08-27,천일야화 67,0,2,0,,https://blog.naver.com/pillion21/120055338693,아카이브/07_매매일지/2008-08-27_천일야화 67.md
415,매매일지,2008-08-28,천일야화 68,0,2,0,,https://blog.naver.com/pillion21/120055398876,아카이브/07_매매일지/2008-08-28_천일야화 68.md
416,매매일지,2008-08-29,천일야화 69,0,2,0,,https://blog.naver.com/pillion21/120055430542,아카이브/07_매매일지/2008-08-29_천일야화 69.md
417,매매일지,2008-09-01,천일야화 70,0,2,0,,https://blog.naver.com/pillion21/120055746936,아카이브/07_매매일지/2008-09-01_천일야화 70.md
418,매매일지,2008-09-02,천일야화 71,0,2,0,,https://blog.naver.com/pillion21/120055784504,아카이브/07_매매일지/2008-09-02_천일야화 71.md
419,매매일지,2008-09-03,천일야화 72,0,2,0,,https://blog.naver.com/pillion21/120055820132,아카이브/07_매매일지/2008-09-03_천일야화 72.md
420,매매일지,2008-09-04,천일야화 73,0,2,0,,https://blog.naver.com/pillion21/120055851360,아카이브/07_매매일지/2008-09-04_천일야화 73.md
421,매매일지,2008-09-05,천일야화 74,0,2,0,,https://blog.naver.com/pillion21/120055886276,아카이브/07_매매일지/2008-09-05_천일야화 74.md
422,매매일지,2008-09-08,천일야화 75,0,2,0,,https://blog.naver.com/pillion21/120055980706,아카이브/07_매매일지/2008-09-08_천일야화 75.md
423,매매일지,2008-09-09,천일야화 76,0,2,0,,https://blog.naver.com/pillion21/120056011684,아카이브/07_매매일지/2008-09-09_천일야화 76.md
424,매매일지,2008-09-10,천일야화 77,0,2,0,,https://blog.naver.com/pillion21/120056041352,아카이브/07_매매일지/2008-09-10_천일야화 77.md
425,매매일지,2008-09-11,천일야화 78,0,2,0,,https://blog.naver.com/pillion21/120056070729,아카이브/07_매매일지/2008-09-11_천일야화 78.md
426,매매일지,2008-09-12,천일야화 79,0,2,0,,https://blog.naver.com/pillion21/120056102369,아카이브/07_매매일지/2008-09-12_천일야화 79.md
427,매매일지,2008-09-16,천일야화 80,0,2,0,,https://blog.naver.com/pillion21/120056208702,아카이브/07_매매일지/2008-09-16_천일야화 80.md
428,매매일지,2008-09-17,천일야화 81,0,2,0,,https://blog.naver.com/pillion21/120056241394,아카이브/07_매매일지/2008-09-17_천일야화 81.md
429,매매일지,2008-09-18,천일야화 82,0,2,0,,https://blog.naver.com/pillion21/120056270938,아카이브/07_매매일지/2008-09-18_천일야화 82.md
430,매매일지,2008-09-19,천일야화 83,0,2,0,,https://blog.naver.com/pillion21/120056301828,아카이브/07_매매일지/2008-09-19_천일야화 83.md
431,매매일지,2008-09-22,천일야화 84,0,2,0,,https://blog.naver.com/pillion21/120056393021,아카이브/07_매매일지/2008-09-22_천일야화 84.md
432,매매일지,2008-09-23,천일야화 85,0,2,0,,https://blog.naver.com/pillion21/120056424924,아카이브/07_매매일지/2008-09-23_천일야화 85.md
433,매매일지,2008-09-24,천일야화 86,0,2,0,,https://blog.naver.com/pillion21/120056454569,아카이브/07_매매일지/2008-09-24_천일야화 86.md
434,매매일지,2008-09-25,천일야화 87,0,2,0,,https://blog.naver.com/pillion21/120056487252,아카이브/07_매매일지/2008-09-25_천일야화 87.md
435,매매일지,2008-09-26,천일야화 88,0,2,0,,https://blog.naver.com/pillion21/120056518153,아카이브/07_매매일지/2008-09-26_천일야화 88.md
436,매매일지,2008-09-29,천일야화 89,0,2,0,,https://blog.naver.com/pillion21/120056611551,아카이브/07_매매일지/2008-09-29_천일야화 89.md
437,매매일지,2008-09-30,천일야화 90,0,2,0,,https://blog.naver.com/pillion21/120056645280,아카이브/07_매매일지/2008-09-30_천일야화 90.md
438,매매일지,2008-10-01,천일야화 91,0,2,0,,https://blog.naver.com/pillion21/120056677681,아카이브/07_매매일지/2008-10-01_천일야화 91.md
439,매매일지,2008-10-02,천일야화 92,0,2,0,,https://blog.naver.com/pillion21/120056709792,아카이브/07_매매일지/2008-10-02_천일야화 92.md
440,매매일지,2008-10-06,천일야화 93,0,2,0,,https://blog.naver.com/pillion21/120056846900,아카이브/07_매매일지/2008-10-06_천일야화 93.md
441,매매일지,2008-10-07,천일야화 94,0,2,0,,https://blog.naver.com/pillion21/120056879910,아카이브/07_매매일지/2008-10-07_천일야화 94.md
442,매매일지,2008-10-08,천일야화 95,0,2,0,,https://blog.naver.com/pillion21/120056915565,아카이브/07_매매일지/2008-10-08_천일야화 95.md
443,매매일지,2008-10-09,천일야화 96,0,2,0,,https://blog.naver.com/pillion21/120056949672,아카이브/07_매매일지/2008-10-09_천일야화 96.md
444,매매일지,2008-10-10,천일야화 97,0,2,0,,https://blog.naver.com/pillion21/120056983912,아카이브/07_매매일지/2008-10-10_천일야화 97.md
445,매매일지,2008-10-13,천일야화 98,0,2,0,,https://blog.naver.com/pillion21/120057087543,아카이브/07_매매일지/2008-10-13_천일야화 98.md
446,매매일지,2008-10-14,천일야화 99,0,2,0,,https://blog.naver.com/pillion21/120057119966,아카이브/07_매매일지/2008-10-14_천일야화 99.md
447,매매일지,2008-10-15,천일야화 100,0,2,0,,https://blog.naver.com/pillion21/120057152230,아카이브/07_매매일지/2008-10-15_천일야화 100.md
448,매매일지,2008-10-16,천일야화 101,0,2,0,,https://blog.naver.com/pillion21/120057187144,아카이브/07_매매일지/2008-10-16_천일야화 101.md
449,매매일지,2008-10-17,천일야화 102,434,2,0,,https://blog.naver.com/pillion21/120057229583,아카이브/07_매매일지/2008-10-17_천일야화 102.md
450,매매일지,2008-10-20,천일야화 103,0,2,0,,https://blog.naver.com/pillion21/120057355440,아카이브/07_매매일지/2008-10-20_천일야화 103.md
451,매매일지,2008-10-21,천일야화 104,522,2,0,,https://blog.naver.com/pillion21/120057394308,아카이브/07_매매일지/2008-10-21_천일야화 104.md
452,매매일지,2008-10-22,천일야화 105,0,2,0,,https://blog.naver.com/pillion21/120057437495,아카이브/07_매매일지/2008-10-22_천일야화 105.md
453,매매일지,2008-10-23,천일야화 106,1141,2,0,,https://blog.naver.com/pillion21/120057480702,아카이브/07_매매일지/2008-10-23_천일야화 106.md
454,매매일지,2008-10-24,천일야화 107,0,2,0,,https://blog.naver.com/pillion21/120057523317,아카이브/07_매매일지/2008-10-24_천일야화 107.md
455,매매일지,2008-10-27,천일야화 108,0,2,0,,https://blog.naver.com/pillion21/120057649109,아카이브/07_매매일지/2008-10-27_천일야화 108.md
456,매매일지,2008-10-28,천일야화 109,0,2,0,,https://blog.naver.com/pillion21/120057690864,아카이브/07_매매일지/2008-10-28_천일야화 109.md
457,매매일지,2008-10-29,천일야화 110,0,2,0,,https://blog.naver.com/pillion21/120057730908,아카이브/07_매매일지/2008-10-29_천일야화 110.md
458,매매일지,2008-10-30,천일야화 111,0,2,0,,https://blog.naver.com/pillion21/120057781521,아카이브/07_매매일지/2008-10-30_천일야화 111.md
459,매매일지,2008-10-31,천일야화 112,0,2,0,,https://blog.naver.com/pillion21/120057830889,아카이브/07_매매일지/2008-10-31_천일야화 112.md
460,매매일지,2008-11-03,천일야화 113,0,2,0,,https://blog.naver.com/pillion21/120057977819,아카이브/07_매매일지/2008-11-03_천일야화 113.md
461,매매일지,2008-11-04,천일야화 114,0,2,0,,https://blog.naver.com/pillion21/120058029164,아카이브/07_매매일지/2008-11-04_천일야화 114.md
462,매매일지,2008-11-05,천일야화 115,136,2,0,,https://blog.naver.com/pillion21/120058078810,아카이브/07_매매일지/2008-11-05_천일야화 115.md
463,매매일지,2008-11-06,천일야화 116,0,2,0,,https://blog.naver.com/pillion21/120058130530,아카이브/07_매매일지/2008-11-06_천일야화 116.md
464,매매일지,2008-11-07,천일야화 117,0,2,0,,https://blog.naver.com/pillion21/120058178973,아카이브/07_매매일지/2008-11-07_천일야화 117.md
465,매매일지,2008-11-10,천일야화 118,0,2,0,,https://blog.naver.com/pillion21/120058322400,아카이브/07_매매일지/2008-11-10_천일야화 118.md
466,매매일지,2008-11-11,천일야화 119,0,2,0,,https://blog.naver.com/pillion21/120058371743,아카이브/07_매매일지/2008-11-11_천일야화 119.md
467,매매일지,2008-11-12,천일야화 120,0,2,0,,https://blog.naver.com/pillion21/120058421577,아카이브/07_매매일지/2008-11-12_천일야화 120.md
468,매매일지,2008-11-13,천일야화 121,0,2,0,,https://blog.naver.com/pillion21/120058478846,아카이브/07_매매일지/2008-11-13_천일야화 121.md
469,매매일지,2008-11-14,천일야화 122,0,2,0,,https://blog.naver.com/pillion21/120058523022,아카이브/07_매매일지/2008-11-14_천일야화 122.md
470,매매일지,2008-11-17,천일야화 123,0,2,0,,https://blog.naver.com/pillion21/120058663478,아카이브/07_매매일지/2008-11-17_천일야화 123.md
471,매매일지,2008-11-18,천일야화 124,0,2,0,,https://blog.naver.com/pillion21/120058713458,아카이브/07_매매일지/2008-11-18_천일야화 124.md
472,매매일지,2008-11-19,천일야화 125,0,2,0,,https://blog.naver.com/pillion21/120058760615,아카이브/07_매매일지/2008-11-19_천일야화 125.md
473,매매일지,2008-11-20,천일야화 126,0,2,0,,https://blog.naver.com/pillion21/120058806251,아카이브/07_매매일지/2008-11-20_천일야화 126.md
474,매매일지,2008-11-21,천일야화 127,0,2,0,,https://blog.naver.com/pillion21/120058853735,아카이브/07_매매일지/2008-11-21_천일야화 127.md
475,매매일지,2008-11-24,천일야화 128,0,2,0,,https://blog.naver.com/pillion21/120058995805,아카이브/07_매매일지/2008-11-24_천일야화 128.md
476,매매일지,2008-11-25,천일야화 129,0,2,0,,https://blog.naver.com/pillion21/120059045775,아카이브/07_매매일지/2008-11-25_천일야화 129.md
477,매매일지,2008-11-26,천일야화 130,0,2,0,,https://blog.naver.com/pillion21/120059096125,아카이브/07_매매일지/2008-11-26_천일야화 130.md
478,매매일지,2008-11-27,천일야화 131,0,2,0,,https://blog.naver.com/pillion21/120059145130,아카이브/07_매매일지/2008-11-27_천일야화 131.md
479,매매일지,2008-11-28,천일야화 132,0,2,0,,https://blog.naver.com/pillion21/120059193466,아카이브/07_매매일지/2008-11-28_천일야화 132.md
480,매매일지,2008-12-01,천일야화 133,0,2,0,,https://blog.naver.com/pillion21/120059335697,아카이브/07_매매일지/2008-12-01_천일야화 133.md
481,매매일지,2008-12-02,천일야화 134,0,2,0,,https://blog.naver.com/pillion21/120059384792,아카이브/07_매매일지/2008-12-02_천일야화 134.md
482,매매일지,2008-12-03,천일야화 135,0,2,0,,https://blog.naver.com/pillion21/120059434173,아카이브/07_매매일지/2008-12-03_천일야화 135.md
483,매매일지,2008-12-04,천일야화 136,0,2,0,,https://blog.naver.com/pillion21/120059482756,아카이브/07_매매일지/2008-12-04_천일야화 136.md
484,매매일지,2008-12-05,천일야화 137,0,2,0,,https://blog.naver.com/pillion21/120059530378,아카이브/07_매매일지/2008-12-05_천일야화 137.md
485,매매일지,2008-12-08,천일야화 138,0,2,0,,https://blog.naver.com/pillion21/120059674570,아카이브/07_매매일지/2008-12-08_천일야화 138.md
486,매매일지,2008-12-09,천일야화 139,0,2,0,,https://blog.naver.com/pillion21/120059724633,아카이브/07_매매일지/2008-12-09_천일야화 139.md
487,매매일지,2008-12-10,천일야화 140,0,2,0,,https://blog.naver.com/pillion21/120059777121,아카이브/07_매매일지/2008-12-10_천일야화 140.md
488,매매일지,2008-12-11,천일야화 141,0,2,0,,https://blog.naver.com/pillion21/120059827962,아카이브/07_매매일지/2008-12-11_천일야화 141.md
489,매매일지,2008-12-12,천일야화 142,0,2,0,,https://blog.naver.com/pillion21/120059881306,아카이브/07_매매일지/2008-12-12_천일야화 142.md
490,매매일지,2008-12-15,천일야화 143,0,2,0,,https://blog.naver.com/pillion21/120060035930,아카이브/07_매매일지/2008-12-15_천일야화 143.md
491,매매일지,2008-12-16,천일야화 144,0,2,0,,https://blog.naver.com/pillion21/120060101840,아카이브/07_매매일지/2008-12-16_천일야화 144.md
492,매매일지,2008-12-17,천일야화 145,0,2,0,,https://blog.naver.com/pillion21/120060153494,아카이브/07_매매일지/2008-12-17_천일야화 145.md
493,매매일지,2008-12-18,천일야화 146,0,2,0,,https://blog.naver.com/pillion21/120060206484,아카이브/07_매매일지/2008-12-18_천일야화 146.md
494,매매일지,2008-12-19,천일야화 147,0,2,0,,https://blog.naver.com/pillion21/120060261779,아카이브/07_매매일지/2008-12-19_천일야화 147.md
495,매매일지,2008-12-22,천일야화 148,0,2,0,,https://blog.naver.com/pillion21/120060412787,아카이브/07_매매일지/2008-12-22_천일야화 148.md
496,매매일지,2008-12-23,천일야화 149,0,2,0,,https://blog.naver.com/pillion21/120060462451,아카이브/07_매매일지/2008-12-23_천일야화 149.md
497,매매일지,2008-12-24,천일야화 150,0,2,0,,https://blog.naver.com/pillion21/120060514053,아카이브/07_매매일지/2008-12-24_천일야화 150.md
498,매매일지,2008-12-26,천일야화 151,0,2,0,,https://blog.naver.com/pillion21/120060607650,아카이브/07_매매일지/2008-12-26_천일야화 151.md
499,매매일지,2008-12-29,천일야화 152,0,2,0,,https://blog.naver.com/pillion21/120060755002,아카이브/07_매매일지/2008-12-29_천일야화 152.md
500,매매일지,2008-12-30,천일야화 153,0,2,0,,https://blog.naver.com/pillion21/120060809682,아카이브/07_매매일지/2008-12-30_천일야화 153.md
501,매매일지,2009-01-02,천일야화 154,0,2,0,,https://blog.naver.com/pillion21/120060975133,아카이브/07_매매일지/2009-01-02_천일야화 154.md
502,매매일지,2009-01-05,천일야화 155,0,2,0,,https://blog.naver.com/pillion21/120061130250,아카이브/07_매매일지/2009-01-05_천일야화 155.md
503,매매일지,2009-01-06,천일야화 156,0,2,0,,https://blog.naver.com/pillion21/120061187149,아카이브/07_매매일지/2009-01-06_천일야화 156.md
504,매매일지,2009-01-07,천일야화 157,0,2,0,,https://blog.naver.com/pillion21/120061241949,아카이브/07_매매일지/2009-01-07_천일야화 157.md
505,매매일지,2009-01-08,천일야화 158,0,2,0,,https://blog.naver.com/pillion21/120061301111,아카이브/07_매매일지/2009-01-08_천일야화 158.md
506,매매일지,2009-01-09,천일야화 159,0,2,0,,https://blog.naver.com/pillion21/120061358937,아카이브/07_매매일지/2009-01-09_천일야화 159.md
507,매매일지,2009-01-12,천일야화 160,0,2,0,,https://blog.naver.com/pillion21/120061520011,아카이브/07_매매일지/2009-01-12_천일야화 160.md
508,매매일지,2009-01-13,천일야화 161,0,2,0,,https://blog.naver.com/pillion21/120061580673,아카이브/07_매매일지/2009-01-13_천일야화 161.md
509,매매일지,2009-01-14,천일야화 162,0,2,0,,https://blog.naver.com/pillion21/120061642119,아카이브/07_매매일지/2009-01-14_천일야화 162.md
510,매매일지,2009-01-15,천일야화 163,0,2,0,,https://blog.naver.com/pillion21/120061703519,아카이브/07_매매일지/2009-01-15_천일야화 163.md
511,매매일지,2009-01-16,천일야화 164,0,2,0,,https://blog.naver.com/pillion21/120061767521,아카이브/07_매매일지/2009-01-16_천일야화 164.md
512,매매일지,2009-01-19,천일야화 165,0,2,0,,https://blog.naver.com/pillion21/120061937359,아카이브/07_매매일지/2009-01-19_천일야화 165.md
513,매매일지,2009-01-20,천일야화 166,0,2,0,,https://blog.naver.com/pillion21/120061999649,아카이브/07_매매일지/2009-01-20_천일야화 166.md
514,매매일지,2009-01-21,천일야화 167,0,2,0,,https://blog.naver.com/pillion21/120062063066,아카이브/07_매매일지/2009-01-21_천일야화 167.md
515,매매일지,2009-01-22,천일야화 168,0,2,0,,https://blog.naver.com/pillion21/120062130447,아카이브/07_매매일지/2009-01-22_천일야화 168.md
516,매매일지,2009-01-23,천일야화 169,0,2,0,,https://blog.naver.com/pillion21/120062199458,아카이브/07_매매일지/2009-01-23_천일야화 169.md
517,매매일지,2009-01-28,천일야화 170,0,2,0,,https://blog.naver.com/pillion21/120062424803,아카이브/07_매매일지/2009-01-28_천일야화 170.md
518,매매일지,2009-01-29,천일야화 171,0,2,0,,https://blog.naver.com/pillion21/120062487567,아카이브/07_매매일지/2009-01-29_천일야화 171.md
519,매매일지,2009-01-30,천일야화 172,0,2,0,,https://blog.naver.com/pillion21/120062551207,아카이브/07_매매일지/2009-01-30_천일야화 172.md
520,매매일지,2009-02-02,천일야화 173,0,2,0,,https://blog.naver.com/pillion21/120062727165,아카이브/07_매매일지/2009-02-02_천일야화 173.md
521,매매일지,2009-02-03,천일야화 174,0,2,0,,https://blog.naver.com/pillion21/120062792363,아카이브/07_매매일지/2009-02-03_천일야화 174.md
522,매매일지,2009-02-04,천일야화 175,0,2,0,,https://blog.naver.com/pillion21/120062855933,아카이브/07_매매일지/2009-02-04_천일야화 175.md
523,매매일지,2009-02-05,천일야화 176,0,2,0,,https://blog.naver.com/pillion21/120062921341,아카이브/07_매매일지/2009-02-05_천일야화 176.md
524,매매일지,2009-02-06, 천일야화 177,0,2,0,,https://blog.naver.com/pillion21/120062987587,아카이브/07_매매일지/2009-02-06_천일야화 177.md
525,매매일지,2009-02-09,천일야화 178,0,2,0,,https://blog.naver.com/pillion21/120063151834,아카이브/07_매매일지/2009-02-09_천일야화 178.md
526,매매일지,2009-02-10,천일야화 179,0,2,0,,https://blog.naver.com/pillion21/120063210747,아카이브/07_매매일지/2009-02-10_천일야화 179.md
527,매매일지,2009-02-11,천일야화 180,0,2,0,,https://blog.naver.com/pillion21/120063271137,아카이브/07_매매일지/2009-02-11_천일야화 180.md
528,매매일지,2009-02-12,천일야화 181,0,2,0,,https://blog.naver.com/pillion21/120063335857,아카이브/07_매매일지/2009-02-12_천일야화 181.md
529,매매일지,2009-02-13,천일야화 182,0,2,0,,https://blog.naver.com/pillion21/120063400392,아카이브/07_매매일지/2009-02-13_천일야화 182.md
530,매매일지,2009-02-16,천일야화 183,0,2,0,,https://blog.naver.com/pillion21/120063580161,아카이브/07_매매일지/2009-02-16_천일야화 183.md
531,매매일지,2009-02-17,천일야화 184,0,2,0,,https://blog.naver.com/pillion21/120063646067,아카이브/07_매매일지/2009-02-17_천일야화 184.md
532,매매일지,2009-02-18,천일야화 185,273,2,0,,https://blog.naver.com/pillion21/120063715148,아카이브/07_매매일지/2009-02-18_천일야화 185.md
533,매매일지,2009-03-19,천일야화 206,422,2,0,,https://blog.naver.com/pillion21/120065387664,아카이브/07_매매일지/2009-03-19_천일야화 206.md
534,매매일지,2009-06-01,천일야화 256,734,2,0,,https://blog.naver.com/pillion21/120069399665,아카이브/07_매매일지/2009-06-01_천일야화 256.md
535,매매일지,2010-04-07,천일야화 471 (10.04.06),618,1,0,,https://blog.naver.com/pillion21/120105083597,아카이브/07_매매일지/2010-04-07_천일야화 471 (10.04.06).md
536,매매일지,2010-05-13,천일야화 497 (5월 만기),1755,1,0,,https://blog.naver.com/pillion21/120107235149,아카이브/07_매매일지/2010-05-13_천일야화 497 (5월 만기).md
537,매매일지,2010-06-10,천일야화 515 ( 6월 만기 ),1805,1,0,,https://blog.naver.com/pillion21/120108998210,아카이브/07_매매일지/2010-06-10_천일야화 515 ( 6월 만기 ).md
538,매매일지,2010-07-08,천일야화 535 (7월 만기),769,1,0,,https://blog.naver.com/pillion21/120110738865,아카이브/07_매매일지/2010-07-08_천일야화 535 (7월 만기).md
539,매매일지,2010-08-12,천일야화 560 (8월 만기),2883,1,0,,https://blog.naver.com/pillion21/120113073776,아카이브/07_매매일지/2010-08-12_천일야화 560 (8월 만기).md
540,매매일지,2010-09-09,천일야화 580 (9월 만기),3843,1,0,,https://blog.naver.com/pillion21/120114763761,아카이브/07_매매일지/2010-09-09_천일야화 580 (9월 만기).md
541,매매일지,2010-10-14,천일야화 602 (10월 만기),2679,0,1,,https://blog.naver.com/pillion21/120116663163,아카이브/07_매매일지/2010-10-14_천일야화 602 (10월 만기).md
542,매매일지,2010-11-12,천일야화 622 (11월 만기),5694,1,0,,https://blog.naver.com/pillion21/120118326460,아카이브/07_매매일지/2010-11-12_천일야화 622 (11월 만기).md
543,매매일지,2010-12-09,천일야화 642 (12월 만기),2998,1,0,,https://blog.naver.com/pillion21/120119827330,아카이브/07_매매일지/2010-12-09_천일야화 642 (12월 만기).md
544,매매일지,2011-01-14,my way..,2180,0,0,,https://blog.naver.com/pillion21/120122013347,아카이브/07_매매일지/2011-01-14_my way.md
545,매매일지,2014-01-03,2014년 1주 매매일지.,2667,1,0,,https://blog.naver.com/pillion21/120204855777,아카이브/07_매매일지/2014-01-03_2014년 1주 매매일지.md
546,매매일지,2014-01-10,2014년 1월 2주차. - 돈은 어떻게 써야 할까? ,2222,1,0,,https://blog.naver.com/pillion21/120205312566,아카이브/07_매매일지/2014-01-10_2014년 1월 2주차. - 돈은 어떻게 써야 할까_.md
547,매매일지,2014-01-17,2014년 1월 3주차 - 기억에 남는 두분..,2050,1,0,,https://blog.naver.com/pillion21/120205782995,아카이브/07_매매일지/2014-01-17_2014년 1월 3주차 - 기억에 남는 두분.md
548,매매일지,2014-02-07,2014년 1월 4주. 5주차. 2월 1주차.,1011,1,0,,https://blog.naver.com/pillion21/120207131661,아카이브/07_매매일지/2014-02-07_2014년 1월 4주. 5주차. 2월 1주차.md
549,매매일지,2014-02-13,"2월 2주, 3주차 - 시장은 변한다.",1430,1,0,,https://blog.naver.com/pillion21/120207507461,"아카이브/07_매매일지/2014-02-13_2월 2주, 3주차 - 시장은 변한다.md"
550,매매일지,2014-03-07,2월 4주. 3월 1주차 -  봄 느낌..,1333,1,0,,https://blog.naver.com/pillion21/120208997279,아카이브/07_매매일지/2014-03-07_2월 4주. 3월 1주차 - 봄 느낌.md
551,매매일지,2014-03-14,2014년 3월 2주차. - 동시 만기일,2225,1,0,,https://blog.naver.com/pillion21/120209449511,아카이브/07_매매일지/2014-03-14_2014년 3월 2주차. - 동시 만기일.md
552,매매일지,2014-03-21,3월 3주차- 시장의 본질..,988,1,0,,https://blog.naver.com/pillion21/120209899735,아카이브/07_매매일지/2014-03-21_3월 3주차- 시장의 본질.md
553,매매일지,2014-05-10,5월 2주차.,721,1,0,,https://blog.naver.com/pillion21/120212976634,아카이브/07_매매일지/2014-05-10_5월 2주차.md
554,매매일지,2014-06-15,6월 2주차. -  내년에는 오늘을 꼭 기억하자..,1324,1,0,,https://blog.naver.com/pillion21/220031389691,아카이브/07_매매일지/2014-06-15_6월 2주차. - 내년에는 오늘을 꼭 기억하자.md
555,매매일지,2014-07-19,2014년 7월 3주차 - 최저 변동성.. 바닥을 모르겠다. ,1525,1,0,,https://blog.naver.com/pillion21/220065190637,아카이브/07_매매일지/2014-07-19_2014년 7월 3주차 - 최저 변동성.. 바닥을 모르겠다.md
556,매매일지,2015-01-09,2014년을 정리하며..,1948,2,0,,https://blog.naver.com/pillion21/220234966664,아카이브/07_매매일지/2015-01-09_2014년을 정리하며.md
557,트레이딩,2006-06-17,"[공유] [알바트로스- 성필규, Theta Power 대표이사]",2606,0,1,,https://blog.naver.com/pillion21/120025612268,"아카이브/08_트레이딩/2006-06-17_[공유] [알바트로스- 성필규, Theta Power 대표이사].md"
558,트레이딩,2007-02-05,꿈은 이뤄진다.,351,0,0,,https://blog.naver.com/pillion21/120034351062,아카이브/08_트레이딩/2007-02-05_꿈은 이뤄진다.md
559,트레이딩,2007-02-06,Nobody Knows...,2537,0,0,,https://blog.naver.com/pillion21/120034392160,아카이브/08_트레이딩/2007-02-06_Nobody Knows.md
560,트레이딩,2007-02-06,기념으로 가벼운 계좌 하나..,529,1,0,,https://blog.naver.com/pillion21/120034378534,아카이브/08_트레이딩/2007-02-06_기념으로 가벼운 계좌 하나.md
561,트레이딩,2007-02-08, 당신은 당신의 위치를 아는지?,1064,0,0,,https://blog.naver.com/pillion21/120034449220,아카이브/08_트레이딩/2007-02-08_당신은 당신의 위치를 아는지_.md
562,트레이딩,2007-02-11,열심히 하면 되는 것일까?,546,0,0,,https://blog.naver.com/pillion21/120034567589,아카이브/08_트레이딩/2007-02-11_열심히 하면 되는 것일까_.md
563,트레이딩,2007-02-22,즐기고 있는지...,894,0,0,,https://blog.naver.com/pillion21/120034938841,아카이브/08_트레이딩/2007-02-22_즐기고 있는지.md
564,트레이딩,2007-02-22,소중한 인연.,3540,0,0,,https://blog.naver.com/pillion21/120034931019,아카이브/08_트레이딩/2007-02-22_소중한 인연.md
565,트레이딩,2007-03-02,칼날을 잡고 있는지...,3442,0,0,,https://blog.naver.com/pillion21/120035251134,아카이브/08_트레이딩/2007-03-02_칼날을 잡고 있는지.md
566,트레이딩,2007-03-06,나는 어느놈에게 먹이를 주는지..,499,0,0,,https://blog.naver.com/pillion21/120035381726,아카이브/08_트레이딩/2007-03-06_나는 어느놈에게 먹이를 주는지.md
567,트레이딩,2007-03-12,동시 만기일의 아쉬움.,2370,0,0,,https://blog.naver.com/pillion21/120035615758,아카이브/08_트레이딩/2007-03-12_동시 만기일의 아쉬움.md
568,트레이딩,2007-03-15,위야? 아래야?,499,0,0,,https://blog.naver.com/pillion21/120035710031,아카이브/08_트레이딩/2007-03-15_위야_ 아래야_.md
569,트레이딩,2007-04-02,4월의 시작...,1764,0,0,,https://blog.naver.com/pillion21/120036393662,아카이브/08_트레이딩/2007-04-02_4월의 시작.md
570,트레이딩,2007-04-18,마음을 빼앗기면...,2096,0,0,,https://blog.naver.com/pillion21/120036926397,아카이브/08_트레이딩/2007-04-18_마음을 빼앗기면.md
571,트레이딩,2007-04-22,200p 를 앞두고..,877,0,0,,https://blog.naver.com/pillion21/120037084925,아카이브/08_트레이딩/2007-04-22_200p 를 앞두고.md
572,트레이딩,2007-04-24,삼산이수.. 필명처럼 여유로운 분.,2739,0,0,,https://blog.naver.com/pillion21/120037158548,아카이브/08_트레이딩/2007-04-24_삼산이수.. 필명처럼 여유로운 분.md
573,트레이딩,2007-05-08,아파서 보냈던 날들..,1108,0,0,,https://blog.naver.com/pillion21/120037616235,아카이브/08_트레이딩/2007-05-08_아파서 보냈던 날들.md
574,트레이딩,2007-05-15,생각이 많았던 어제..,2003,0,0,,https://blog.naver.com/pillion21/120037892304,아카이브/08_트레이딩/2007-05-15_생각이 많았던 어제.md
575,트레이딩,2007-07-03,금연을 하자.,681,0,0,,https://blog.naver.com/pillion21/120039669289,아카이브/08_트레이딩/2007-07-03_금연을 하자.md
576,트레이딩,2007-07-09,전북일보 기사.,1378,0,1,,https://blog.naver.com/pillion21/120039902536,아카이브/08_트레이딩/2007-07-09_전북일보 기사.md
577,트레이딩,2007-07-27,황당한 시장.  유쾌한 대화.,664,1,0,,https://blog.naver.com/pillion21/120040602119,아카이브/08_트레이딩/2007-07-27_황당한 시장. 유쾌한 대화.md
578,트레이딩,2007-08-03,삶은 하나의 게임이다..,1192,0,0,,https://blog.naver.com/pillion21/120040879207,아카이브/08_트레이딩/2007-08-03_삶은 하나의 게임이다.md
579,트레이딩,2007-08-11,몽상가 or 사기꾼?,2063,0,0,,https://blog.naver.com/pillion21/120041207823,아카이브/08_트레이딩/2007-08-11_몽상가 or 사기꾼_.md
580,트레이딩,2007-09-12,내가 아는 고수.,3789,1,0,,https://blog.naver.com/pillion21/120042377100,아카이브/08_트레이딩/2007-09-12_내가 아는 고수.md
581,트레이딩,2007-09-16,지난 만기의 추억.,1154,0,0,,https://blog.naver.com/pillion21/120042545635,아카이브/08_트레이딩/2007-09-16_지난 만기의 추억.md
582,트레이딩,2007-09-16,왜 그렇게 사는지...,1505,0,0,,https://blog.naver.com/pillion21/120042535223,아카이브/08_트레이딩/2007-09-16_왜 그렇게 사는지.md
583,트레이딩,2007-09-30,9월의 마지막 날..,1114,0,0,,https://blog.naver.com/pillion21/120042981911,아카이브/08_트레이딩/2007-09-30_9월의 마지막 날.md
584,트레이딩,2007-11-25,장학재단 출범식..,1741,0,1,,https://blog.naver.com/pillion21/120044972683,아카이브/08_트레이딩/2007-11-25_장학재단 출범식.md
585,트레이딩,2007-12-02,11월을 마치면서..,748,0,0,,https://blog.naver.com/pillion21/120045233645,아카이브/08_트레이딩/2007-12-02_11월을 마치면서.md
586,트레이딩,2007-12-21,가능할까..,2163,0,0,,https://blog.naver.com/pillion21/120045926570,아카이브/08_트레이딩/2007-12-21_가능할까.md
587,트레이딩,2007-12-26,정말 고수를 보고 싶은가?,1237,0,0,,https://blog.naver.com/pillion21/120046104731,아카이브/08_트레이딩/2007-12-26_정말 고수를 보고 싶은가_.md
588,트레이딩,2008-01-05,생각치 못했던.. 그러나 생각했어야 했던 일..,3073,0,0,,https://blog.naver.com/pillion21/120046444220,아카이브/08_트레이딩/2008-01-05_생각치 못했던.. 그러나 생각했어야 했던 일.md
589,트레이딩,2008-01-22,검은 화요일.,779,0,0,,https://blog.naver.com/pillion21/120047149564,아카이브/08_트레이딩/2008-01-22_검은 화요일.md
590,트레이딩,2008-01-26,mdd 갱신..,1160,0,0,,https://blog.naver.com/pillion21/120047305160,아카이브/08_트레이딩/2008-01-26_mdd 갱신.md
591,트레이딩,2008-01-28,권토중래,1503,0,0,,https://blog.naver.com/pillion21/120047358978,아카이브/08_트레이딩/2008-01-28_권토중래.md
592,트레이딩,2008-01-31,재미를 느껴라.,677,0,0,,https://blog.naver.com/pillion21/120047523433,아카이브/08_트레이딩/2008-01-31_재미를 느껴라.md
593,트레이딩,2008-02-17,다시 최고점 돌파.,715,0,0,,https://blog.naver.com/pillion21/120048145614,아카이브/08_트레이딩/2008-02-17_다시 최고점 돌파.md
594,트레이딩,2008-03-04,3월의 시작. ,1005,0,0,,https://blog.naver.com/pillion21/120048889169,아카이브/08_트레이딩/2008-03-04_3월의 시작.md
595,트레이딩,2008-03-05,쉽지 않은 길..,2395,0,0,,https://blog.naver.com/pillion21/120048917142,아카이브/08_트레이딩/2008-03-05_쉽지 않은 길.md
596,트레이딩,2008-03-07,부탁드립니다..,1371,0,0,,https://blog.naver.com/pillion21/120048970519,아카이브/08_트레이딩/2008-03-07_부탁드립니다.md
597,트레이딩,2008-03-30,3월을 보내면서.,1582,0,0,,https://blog.naver.com/pillion21/120049844752,아카이브/08_트레이딩/2008-03-30_3월을 보내면서.md
598,트레이딩,2008-05-05,4월을 보내고..,906,0,0,,https://blog.naver.com/pillion21/120051079029,아카이브/08_트레이딩/2008-05-05_4월을 보내고.md
599,트레이딩,2008-05-15,최고점 돌파와 치통.,644,0,0,,https://blog.naver.com/pillion21/120051422325,아카이브/08_트레이딩/2008-05-15_최고점 돌파와 치통.md
600,트레이딩,2008-05-24,돈이 있으면 행복할까?...,1283,0,0,,https://blog.naver.com/pillion21/120051727409,아카이브/08_트레이딩/2008-05-24_돈이 있으면 행복할까_.md
601,트레이딩,2008-05-31,5월을 보내고..,1469,0,0,,https://blog.naver.com/pillion21/120052107944,아카이브/08_트레이딩/2008-05-31_5월을 보내고.md
602,트레이딩,2008-06-09,나를 놀라게 한분들.,4599,0,0,,https://blog.naver.com/pillion21/120052814721,아카이브/08_트레이딩/2008-06-09_나를 놀라게 한분들.md
603,트레이딩,2008-06-21,뒤늦은 후회..,1467,0,0,,https://blog.naver.com/pillion21/120053177322,아카이브/08_트레이딩/2008-06-21_뒤늦은 후회.md
604,트레이딩,2008-07-02,포넷에서의 소란..,9060,0,0,,https://blog.naver.com/pillion21/120053518185,아카이브/08_트레이딩/2008-07-02_포넷에서의 소란.md
605,트레이딩,2008-07-02,6월을 보내고..,318,0,0,,https://blog.naver.com/pillion21/120053513706,아카이브/08_트레이딩/2008-07-02_6월을 보내고.md
606,트레이딩,2008-07-06,370 ...,1229,0,0,,https://blog.naver.com/pillion21/120053631250,아카이브/08_트레이딩/2008-07-06_370.md
607,트레이딩,2008-07-09,드디어 고점 돌파..,504,0,0,,https://blog.naver.com/pillion21/120053715997,아카이브/08_트레이딩/2008-07-09_드디어 고점 돌파.md
608,트레이딩,2008-08-03,7월을 보내고..,390,0,0,,https://blog.naver.com/pillion21/120054515653,아카이브/08_트레이딩/2008-08-03_7월을 보내고.md
609,트레이딩,2008-09-01,8월을 보내고..,713,0,0,,https://blog.naver.com/pillion21/120055740868,아카이브/08_트레이딩/2008-09-01_8월을 보내고.md
610,트레이딩,2008-10-04,9월을 보내고..,1390,0,0,,https://blog.naver.com/pillion21/120056775267,아카이브/08_트레이딩/2008-10-04_9월을 보내고.md
611,트레이딩,2008-11-02,10월을 보내고..,1518,0,0,,https://blog.naver.com/pillion21/120057919875,아카이브/08_트레이딩/2008-11-02_10월을 보내고.md
612,트레이딩,2008-11-30,11 월을 보내고...,1679,0,0,,https://blog.naver.com/pillion21/120059305241,아카이브/08_트레이딩/2008-11-30_11 월을 보내고.md
613,트레이딩,2008-12-01,제게 메일을 주신 분들께...,8027,0,0,,https://blog.naver.com/pillion21/120059348192,아카이브/08_트레이딩/2008-12-01_제게 메일을 주신 분들께.md
614,트레이딩,2009-01-15,2008 년 한해를 접으면서..,4971,0,0,,https://blog.naver.com/pillion21/120061732723,아카이브/08_트레이딩/2009-01-15_2008 년 한해를 접으면서.md
615,트레이딩,2009-05-03,투자의 기본,1633,0,0,,https://blog.naver.com/pillion21/120067839612,아카이브/08_트레이딩/2009-05-03_투자의 기본.md
616,트레이딩,2009-07-07,시장이란...,3045,0,0,,https://blog.naver.com/pillion21/120073312062,아카이브/08_트레이딩/2009-07-07_시장이란.md
617,트레이딩,2009-07-09,성배는 없다... 적어도 내 경험으로는...,2992,2,0,,https://blog.naver.com/pillion21/120073392489,아카이브/08_트레이딩/2009-07-09_성배는 없다... 적어도 내 경험으로는.md
618,트레이딩,2009-07-15,강의 후기,1563,0,0,,https://blog.naver.com/pillion21/120075523224,아카이브/08_트레이딩/2009-07-15_강의 후기.md
619,트레이딩,2009-11-11,포기하지 말자,2331,0,0,,https://blog.naver.com/pillion21/120094622727,아카이브/08_트레이딩/2009-11-11_포기하지 말자.md
620,트레이딩,2010-02-24,포기하지 말자 2,164,0,0,,https://blog.naver.com/pillion21/120102475135,아카이브/08_트레이딩/2010-02-24_포기하지 말자 2.md
621,트레이딩,2010-04-23,春蘭秋菊各有時,1656,0,0,,https://blog.naver.com/pillion21/120106048833,아카이브/08_트레이딩/2010-04-23_春蘭秋菊各有時.md
622,트레이딩,2010-04-30,안정적인 수익?,2645,1,0,,https://blog.naver.com/pillion21/120106446539,아카이브/08_트레이딩/2010-04-30_안정적인 수익_.md
623,트레이딩,2010-05-15,보라는 달은 안보고. 왜 손가락만...,890,0,0,,https://blog.naver.com/pillion21/120107334240,아카이브/08_트레이딩/2010-05-15_보라는 달은 안보고. 왜 손가락만.md
624,트레이딩,2010-06-15,질준비가 되어 있는가..,1772,0,0,,https://blog.naver.com/pillion21/120109281790,아카이브/08_트레이딩/2010-06-15_질준비가 되어 있는가.md
625,트레이딩,2010-08-17,운외창천(雲外蒼天),2463,0,0,,https://blog.naver.com/pillion21/120113397458,아카이브/08_트레이딩/2010-08-17_운외창천(雲外蒼天).md
626,트레이딩,2010-12-17,인내심.,1463,15,0,,https://blog.naver.com/pillion21/120120283047,아카이브/08_트레이딩/2010-12-17_인내심.md
627,트레이딩,2010-12-26,하고 싶은일보다는  잘할수 있는일을 하자..,2070,0,0,,https://blog.naver.com/pillion21/120120795913,아카이브/08_트레이딩/2010-12-26_하고 싶은일보다는 잘할수 있는일을 하자.md
628,트레이딩,2010-12-31,mental game,1965,0,0,,https://blog.naver.com/pillion21/120121135420,아카이브/08_트레이딩/2010-12-31_mental game.md
629,트레이딩,2011-04-23,대한민국에서 자문사 ceo로 산다는 것은 ...,3351,0,0,,https://blog.naver.com/pillion21/120128463473,아카이브/08_트레이딩/2011-04-23_대한민국에서 자문사 ceo로 산다는 것은.md
630,트레이딩,2013-02-13,질문에 대한 답변입니다..,3284,0,0,,https://blog.naver.com/pillion21/120181244104,아카이브/08_트레이딩/2013-02-13_질문에 대한 답변입니다.md
631,트레이딩,2013-02-22,세가지 이야기.,3709,2,0,,https://blog.naver.com/pillion21/120182246877,아카이브/08_트레이딩/2013-02-22_세가지 이야기.md
632,트레이딩,2013-03-25,제목 짓기가 이렇게 어려울줄이야...,482,0,0,,https://blog.naver.com/pillion21/120186041456,아카이브/08_트레이딩/2013-03-25_제목 짓기가 이렇게 어려울줄이야.md
633,트레이딩,2013-04-12,책이 나왔습니다. ,5075,0,0,,https://blog.naver.com/pillion21/120187836988,아카이브/08_트레이딩/2013-04-12_책이 나왔습니다.md
634,트레이딩,2013-04-18,책을 보내 드렸습니다. ,2231,0,0,,https://blog.naver.com/pillion21/120188239713,아카이브/08_트레이딩/2013-04-18_책을 보내 드렸습니다.md
635,트레이딩,2013-04-25,2013년 4월 25일.,1156,0,0,,https://blog.naver.com/pillion21/120188704565,아카이브/08_트레이딩/2013-04-25_2013년 4월 25일.md
636,트레이딩,2013-05-06,감사드립니다. ,1035,0,0,,https://blog.naver.com/pillion21/120189425527,아카이브/08_트레이딩/2013-05-06_감사드립니다.md
637,트레이딩,2013-06-09,빛과 그림자.,1403,0,0,,https://blog.naver.com/pillion21/120191708871,아카이브/08_트레이딩/2013-06-09_빛과 그림자.md
638,트레이딩,2013-07-21,끈기. 열정. 배짱.,4777,0,0,,https://blog.naver.com/pillion21/120194534690,아카이브/08_트레이딩/2013-07-21_끈기. 열정. 배짱.md
639,트레이딩,2013-09-15,위기..,1561,0,0,,https://blog.naver.com/pillion21/120198179514,아카이브/08_트레이딩/2013-09-15_위기.md
640,트레이딩,2013-12-31,2013 년 한해를 마무리 하면서..,1868,0,0,,https://blog.naver.com/pillion21/120204679780,아카이브/08_트레이딩/2013-12-31_2013 년 한해를 마무리 하면서.md
641,옛글 모음,2009-02-13,2008/01/01 ,3758,0,0,,https://blog.naver.com/pillion21/120063391386,아카이브/09_옛글 모음/2009-02-13_2008_01_01.md
642,옛글 모음,2009-02-13,1월의 마지막 날.    ,1788,0,0,,https://blog.naver.com/pillion21/120063391299,아카이브/09_옛글 모음/2009-02-13_1월의 마지막 날.md
643,옛글 모음,2009-02-13,게시판에서 뵈어도.. 느낌이 .. ^^  ,2729,2,0,,https://blog.naver.com/pillion21/120063391138,아카이브/09_옛글 모음/2009-02-13_게시판에서 뵈어도.. 느낌이 .. ^^.md
644,옛글 모음,2009-02-13,심리를 다스리는 자가 시장을 지배한다.,2813,0,0,,https://blog.naver.com/pillion21/120063390744,아카이브/09_옛글 모음/2009-02-13_심리를 다스리는 자가 시장을 지배한다.md
645,옛글 모음,2009-02-13,손절매의 심리학,4980,0,0,,https://blog.naver.com/pillion21/120063390716,아카이브/09_옛글 모음/2009-02-13_손절매의 심리학.md
646,옛글 모음,2009-02-13,먼길을 떠나려면 ...,3619,0,0,,https://blog.naver.com/pillion21/120063390677,아카이브/09_옛글 모음/2009-02-13_먼길을 떠나려면.md
647,옛글 모음,2009-02-13,1만 2천원의 행복. ,2586,0,0,,https://blog.naver.com/pillion21/120063390648,아카이브/09_옛글 모음/2009-02-13_1만 2천원의 행복.md
648,옛글 모음,2009-02-13,마지막 보루...,1761,1,0,,https://blog.naver.com/pillion21/120063390602,아카이브/09_옛글 모음/2009-02-13_마지막 보루.md
649,옛글 모음,2009-02-13,매수세들 공격의 끝은...,3081,0,0,,https://blog.naver.com/pillion21/120063390512,아카이브/09_옛글 모음/2009-02-13_매수세들 공격의 끝은.md
650,옛글 모음,2009-02-13,"외인 - Buy Korea, 개인- Good bye Korea..",1741,0,0,,https://blog.naver.com/pillion21/120063390474,"아카이브/09_옛글 모음/2009-02-13_외인 - Buy Korea, 개인- Good bye Korea.md"
651,옛글 모음,2009-02-13,돌파된 900 p.,2724,0,0,,https://blog.naver.com/pillion21/120063390444,아카이브/09_옛글 모음/2009-02-13_돌파된 900 p.md
652,옛글 모음,2009-02-13,준비된 베팅,2211,0,0,,https://blog.naver.com/pillion21/120063390415,아카이브/09_옛글 모음/2009-02-13_준비된 베팅.md
653,옛글 모음,2009-02-13,2003년 알바트로스의 매매실적,3195,0,0,,https://blog.naver.com/pillion21/120063390384,아카이브/09_옛글 모음/2009-02-13_2003년 알바트로스의 매매실적.md
654,옛글 모음,2009-02-13,2003년 한국증시 정리 ,5128,0,0,,https://blog.naver.com/pillion21/120063390359,아카이브/09_옛글 모음/2009-02-13_2003년 한국증시 정리.md
655,옛글 모음,2009-02-13,메뉴얼을 읽는 여유를 가지시길.. ,1443,0,0,,https://blog.naver.com/pillion21/120063390337,아카이브/09_옛글 모음/2009-02-13_메뉴얼을 읽는 여유를 가지시길.md
656,옛글 모음,2009-02-13,시스템 트레이딩에 대하여.. ,831,0,0,,https://blog.naver.com/pillion21/120063390304,아카이브/09_옛글 모음/2009-02-13_시스템 트레이딩에 대하여.md
657,옛글 모음,2009-02-13,고수와 하수.. ,4348,0,0,,https://blog.naver.com/pillion21/120063390276,아카이브/09_옛글 모음/2009-02-13_고수와 하수.md
658,옛글 모음,2009-02-13,마음을 빼앗기면.. ,1711,0,0,,https://blog.naver.com/pillion21/120063390218,아카이브/09_옛글 모음/2009-02-13_마음을 빼앗기면.md
659,옛글 모음,2009-02-13,즐기는 자와 노력하는자...  ,1748,0,0,,https://blog.naver.com/pillion21/120063390186,아카이브/09_옛글 모음/2009-02-13_즐기는 자와 노력하는자.md
660,옛글 모음,2009-02-13,지나간 만기일. 넘어선 저항선.. ,1135,0,0,,https://blog.naver.com/pillion21/120063390162,아카이브/09_옛글 모음/2009-02-13_지나간 만기일. 넘어선 저항선.md
661,옛글 모음,2009-02-13,不動如山(부동여산) ,3157,0,0,,https://blog.naver.com/pillion21/120063390128,아카이브/09_옛글 모음/2009-02-13_不動如山(부동여산).md
662,옛글 모음,2009-02-13,메이저들의 선택은.. ,1747,0,0,,https://blog.naver.com/pillion21/120063390100,아카이브/09_옛글 모음/2009-02-13_메이저들의 선택은.md
663,옛글 모음,2009-02-13,시장은 결코 바쁘지 않다...,2947,0,0,,https://blog.naver.com/pillion21/120063390077,아카이브/09_옛글 모음/2009-02-13_시장은 결코 바쁘지 않다.md
664,옛글 모음,2009-02-13,길을 아는것과 길을 걷는것의 차이..,1343,0,0,,https://blog.naver.com/pillion21/120063390054,아카이브/09_옛글 모음/2009-02-13_길을 아는것과 길을 걷는것의 차이.md
665,옛글 모음,2009-02-13,기술적 분석의 虛와 實.,2118,0,0,,https://blog.naver.com/pillion21/120063390026,아카이브/09_옛글 모음/2009-02-13_기술적 분석의 虛와 實.md
666,옛글 모음,2009-02-13,인식의 전환.. ,1848,0,0,,https://blog.naver.com/pillion21/120063389992,아카이브/09_옛글 모음/2009-02-13_인식의 전환.md
667,옛글 모음,2009-02-13,유연성.. ,1300,0,0,,https://blog.naver.com/pillion21/120063389948,아카이브/09_옛글 모음/2009-02-13_유연성.md
668,옛글 모음,2009-02-13,어깨에 힘을 빼라..,1269,0,0,,https://blog.naver.com/pillion21/120063389932,아카이브/09_옛글 모음/2009-02-13_어깨에 힘을 빼라.md
669,옛글 모음,2009-02-13,승부.. ,1797,0,0,,https://blog.naver.com/pillion21/120063389897,아카이브/09_옛글 모음/2009-02-13_승부.md
670,옛글 모음,2009-02-13,지나간 폭풍.,1949,0,0,,https://blog.naver.com/pillion21/120063389861,아카이브/09_옛글 모음/2009-02-13_지나간 폭풍.md
671,옛글 모음,2009-02-13,만기일을 하루 앞두고.,1530,0,0,,https://blog.naver.com/pillion21/120063389734,아카이브/09_옛글 모음/2009-02-13_만기일을 하루 앞두고.md
672,옛글 모음,2009-02-13,system 과 심리..,1138,0,0,,https://blog.naver.com/pillion21/120063389711,아카이브/09_옛글 모음/2009-02-13_system 과 심리.md
673,옛글 모음,2009-02-13,단순하고 쉬운 기술.. ,1857,0,0,,https://blog.naver.com/pillion21/120063388896,아카이브/09_옛글 모음/2009-02-13_단순하고 쉬운 기술.md
674,옛글 모음,2009-02-13,주식 투자는 진검 승부.. ,1959,0,0,,https://blog.naver.com/pillion21/120063388863,아카이브/09_옛글 모음/2009-02-13_주식 투자는 진검 승부.md
675,옛글 모음,2009-02-13,하루도 빠짐없이 상한가를 적중시키는 전문가 님들에게. ,2289,0,0,,https://blog.naver.com/pillion21/120063388821,아카이브/09_옛글 모음/2009-02-13_하루도 빠짐없이 상한가를 적중시키는 전문가 님들에게.md
676,옛글 모음,2009-03-01,옛글 모음,1548,0,0,,https://blog.naver.com/pillion21/120064435778,아카이브/09_옛글 모음/2009-03-01_옛글 모음.md
677,열대어,2007-12-03,고수의 어항,54,1,0,,https://blog.naver.com/pillion21/120045247029,아카이브/10_열대어/2007-12-03_고수의 어항.md
678,열대어,2008-01-28,내 첫 수초 어항,174,3,0,,https://blog.naver.com/pillion21/120047376854,아카이브/10_열대어/2008-01-28_내 첫 수초 어항.md
679,열대어,2008-02-05,[공유] ADA갤러,0,15,0,,https://blog.naver.com/pillion21/120047695343,아카이브/10_열대어/2008-02-05_[공유] ADA갤러.md
680,"음악,영화,책.etc",2007-03-31,라디오 스타.,413,0,0,,https://blog.naver.com/pillion21/120036316337,"아카이브/11_음악,영화,책.etc/2007-03-31_라디오 스타.md"
681,"음악,영화,책.etc",2009-05-21,Love Can Build A Bridge ,1738,0,0,,https://blog.naver.com/pillion21/120068792928,"아카이브/11_음악,영화,책.etc/2009-05-21_Love Can Build A Bridge.md"
682,낙서장,2006-06-17,[공유] 나는 배웠다,1749,0,0,,https://blog.naver.com/pillion21/120025612477,아카이브/12_낙서장/2006-06-17_[공유] 나는 배웠다.md
683,낙서장,2006-06-17,[공유] 아버지가 설 자리는 어디인가?,812,2,0,,https://blog.naver.com/pillion21/120025612455,아카이브/12_낙서장/2006-06-17_[공유] 아버지가 설 자리는 어디인가_.md
684,좋은 글,2007-02-26,아내의 가치.,4046,0,0,,https://blog.naver.com/pillion21/120035094608,아카이브/13_좋은 글/2007-02-26_아내의 가치.md
685,좋은 글,2010-05-12,Life is What You Make it,712,0,0,,https://blog.naver.com/pillion21/120107167821,아카이브/13_좋은 글/2010-05-12_Life is What You Make it.md
686,좋은 글,2026-03-22,끝난건 아니다.,1066,1,0,,https://blog.naver.com/pillion21/224225324156,아카이브/13_좋은 글/2026-03-22_끝난건 아니다.md
687,좋은 글,2026-03-24,주식 같은 것 때문에.,831,3,0,,https://blog.naver.com/pillion21/224228001579,아카이브/13_좋은 글/2026-03-24_주식 같은 것 때문에.md
688,좋은 글,2026-04-11,바닥 어디까지 쳐봤어?,1454,3,0,,https://blog.naver.com/pillion21/224248653146,아카이브/13_좋은 글/2026-04-11_바닥 어디까지 쳐봤어_.md
689,좋은 글,2026-05-12,좋은 댓글이어서..,3112,1,0,,https://blog.naver.com/pillion21/224283152424,아카이브/13_좋은 글/2026-05-12_좋은 댓글이어서.md
690,좋은 글,2026-07-27,19년전. 칼날을 잡던 시절.,1800,2,0,,https://blog.naver.com/pillion21/224359104873,아카이브/13_좋은 글/2026-07-27_19년전. 칼날을 잡던 시절.md
691,끄적끄적,2007-02-05,블로그를 해 볼까?,465,0,0,,https://blog.naver.com/pillion21/120034339836,아카이브/14_끄적끄적/2007-02-05_블로그를 해 볼까_.md
692,끄적끄적,2026-03-12,취중.,111,0,0,,https://blog.naver.com/pillion21/224213185786,아카이브/14_끄적끄적/2026-03-12_취중.md
693,끄적끄적,2026-04-08,"벚꽃은 예뻤고, 경기는..",1721,4,0,,https://blog.naver.com/pillion21/224245471406,"아카이브/14_끄적끄적/2026-04-08_벚꽃은 예뻤고, 경기는.md"
694,끄적끄적,2026-04-17,그걸로 충분해.,2584,2,0,,https://blog.naver.com/pillion21/224256177227,아카이브/14_끄적끄적/2026-04-17_그걸로 충분해.md
695,끄적끄적,2026-04-25,세상에 싼 주도주가 있어?,2915,1,0,,https://blog.naver.com/pillion21/224264606961,아카이브/14_끄적끄적/2026-04-25_세상에 싼 주도주가 있어_.md
696,끄적끄적,2026-04-27,내 생각일 뿐이다.,1567,0,0,,https://blog.naver.com/pillion21/224267169891,아카이브/14_끄적끄적/2026-04-27_내 생각일 뿐이다.md
697,끄적끄적,2026-05-18,이번이 아니면. 다음. 다음이 아니면. 그다음.,2066,2,0,,https://blog.naver.com/pillion21/224289354484,아카이브/14_끄적끄적/2026-05-18_이번이 아니면. 다음. 다음이 아니면. 그다음.md
698,끄적끄적,2026-05-20,높고 단단한 벽.,972,0,0,,https://blog.naver.com/pillion21/224291090605,아카이브/14_끄적끄적/2026-05-20_높고 단단한 벽.md
699,끄적끄적,2026-05-24,부드러움 뒤의 야수성.,4570,6,0,,https://blog.naver.com/pillion21/224295013911,아카이브/14_끄적끄적/2026-05-24_부드러움 뒤의 야수성.md
700,끄적끄적,2026-05-28,"날씨는 좋았고, 경기는..",1395,2,0,,https://blog.naver.com/pillion21/224299466493,"아카이브/14_끄적끄적/2026-05-28_날씨는 좋았고, 경기는.md"
701,끄적끄적,2026-05-30,살아남았다는 건..,3360,2,0,,https://blog.naver.com/pillion21/224301156771,아카이브/14_끄적끄적/2026-05-30_살아남았다는 건.md
702,끄적끄적,2026-06-03,시장은 늘 옳다.,2324,1,0,,https://blog.naver.com/pillion21/224304597556,아카이브/14_끄적끄적/2026-06-03_시장은 늘 옳다.md
703,끄적끄적,2026-06-16,복기.,3931,0,0,,https://blog.naver.com/pillion21/224317328950,아카이브/14_끄적끄적/2026-06-16_복기.md
704,끄적끄적,2026-06-20,인생을 걸고 들어온 사람.,2962,3,0,,https://blog.naver.com/pillion21/224322029777,아카이브/14_끄적끄적/2026-06-20_인생을 걸고 들어온 사람.md
705,끄적끄적,2026-06-21,몇분이나?,2024,1,0,,https://blog.naver.com/pillion21/224322565375,아카이브/14_끄적끄적/2026-06-21_몇분이나_.md
706,끄적끄적,2026-06-24,달은 안찼고. 경기는...,1992,2,0,,https://blog.naver.com/pillion21/224325915147,아카이브/14_끄적끄적/2026-06-24_달은 안찼고. 경기는.md
707,끄적끄적,2026-06-24,편하게 가자.,768,4,0,,https://blog.naver.com/pillion21/224325539238,아카이브/14_끄적끄적/2026-06-24_편하게 가자.md
708,끄적끄적,2026-07-01,그릇 1.,2836,3,0,,https://blog.naver.com/pillion21/224332954637,아카이브/14_끄적끄적/2026-07-01_그릇 1.md
709,끄적끄적,2026-07-03,그릇 2.,2719,0,0,,https://blog.naver.com/pillion21/224335327233,아카이브/14_끄적끄적/2026-07-03_그릇 2.md
710,끄적끄적,2026-07-05,그릇 3.,2792,2,0,,https://blog.naver.com/pillion21/224336949824,아카이브/14_끄적끄적/2026-07-05_그릇 3.md
711,끄적끄적,2026-07-08,심리를 읽어야 할 때.,838,1,0,,https://blog.naver.com/pillion21/224340750866,아카이브/14_끄적끄적/2026-07-08_심리를 읽어야 할 때.md
712,끄적끄적,2026-07-10,뒷이야기.,4268,1,0,,https://blog.naver.com/pillion21/224342252618,아카이브/14_끄적끄적/2026-07-10_뒷이야기.md
713,끄적끄적,2026-07-12,싱거운 질문. 싱거운 답 2,1666,1,0,,https://blog.naver.com/pillion21/224344378924,아카이브/14_끄적끄적/2026-07-12_싱거운 질문. 싱거운 답 2.md
714,끄적끄적,2026-07-19,가장 어려운 상대.,2919,1,0,,https://blog.naver.com/pillion21/224350911561,아카이브/14_끄적끄적/2026-07-19_가장 어려운 상대.md
715,끄적끄적,2026-07-29,생명선.,1009,2,0,,https://blog.naver.com/pillion21/224361273236,아카이브/14_끄적끄적/2026-07-29_생명선.md
716,끄적끄적,2026-07-30,2004년 5월 10일.,1991,2,0,,https://blog.naver.com/pillion21/224363045378,아카이브/14_끄적끄적/2026-07-30_2004년 5월 10일.md
717,끄적끄적,2026-08-02,위기는 사람을 가려낸다.,2009,4,0,,https://blog.naver.com/pillion21/224365515069,아카이브/14_끄적끄적/2026-08-02_위기는 사람을 가려낸다.md
718,끄적끄적,2026-08-04,좋아한다는 것.,3178,2,0,,https://blog.naver.com/pillion21/224367977445,아카이브/14_끄적끄적/2026-08-04_좋아한다는 것.md
719,끄적끄적,2026-08-08,포르쉐가 먼저일까? 100억이 먼저일까?,4756,4,0,,https://blog.naver.com/pillion21/224372442007,아카이브/14_끄적끄적/2026-08-08_포르쉐가 먼저일까_ 100억이 먼저일까_.md
720,끄적끄적,2026-08-10,100억이 먼저였다.,4052,17,0,,https://blog.naver.com/pillion21/224374436879,아카이브/14_끄적끄적/2026-08-10_100억이 먼저였다.md
721,끄적끄적,2026-08-12,뒷이야기.,6508,2,0,,https://blog.naver.com/pillion21/224376109468,아카이브/14_끄적끄적/2026-08-12_뒷이야기.md
722,끄적끄적,2026-08-15,뒷이야기 외전.,5276,0,0,,https://blog.naver.com/pillion21/224379394662,아카이브/14_끄적끄적/2026-08-15_뒷이야기 외전.md
723,끄적끄적,2026-08-22,비대해진 자아.,2882,3,0,,https://blog.naver.com/pillion21/224386857744,아카이브/14_끄적끄적/2026-08-22_비대해진 자아.md
724,끄적끄적,2026-08-24,들은 이야기.,1139,1,0,,https://blog.naver.com/pillion21/224388251957,아카이브/14_끄적끄적/2026-08-24_들은 이야기.md
725,끄적끄적,2026-08-29,문제가 방법이었을까?,2588,0,0,,https://blog.naver.com/pillion21/224393918068,아카이브/14_끄적끄적/2026-08-29_문제가 방법이었을까_.md
726,포토로그,2010-04-23,아들과 사진 촬영.,403,8,0,,https://blog.naver.com/pillion21/120106027236,아카이브/15_포토로그/2010-04-23_아들과 사진 촬영.md
727,포토로그 > 여행 스케치,2009-03-16,뉴질랜드 09.02.05 ~ 09.02.12,761,18,0,,https://blog.naver.com/pillion21/120072094767,아카이브/18_여행 스케치/2009-03-16_뉴질랜드 09.02.05 ~ 09.02.12.md
728,포토로그 > 여행 스케치,2009-03-16,뉴질랜드 09.02.05 ~ 09.02.12,0,18,0,,https://blog.naver.com/pillion21/120072094759,아카이브/18_여행 스케치/2009-03-16_뉴질랜드 09.02.05 ~ 09.02.12(2).md
729,포토로그 > 여행 스케치,2009-03-16,뉴질랜드 09.02.05 ~ 09.02.12,402,18,0,,https://blog.naver.com/pillion21/120072094753,아카이브/18_여행 스케치/2009-03-16_뉴질랜드 09.02.05 ~ 09.02.12(3).md
730,포토로그 > 여행 스케치,2009-03-16,뉴질랜드 09.02.05 ~ 09.02.12,399,19,0,,https://blog.naver.com/pillion21/120072094736,아카이브/18_여행 스케치/2009-03-16_뉴질랜드 09.02.05 ~ 09.02.12(4).md
731,벼리와 강탄이,2023-09-17,벼리와 첫만남,1924,0,0,,https://blog.naver.com/pillion21/223214062540,아카이브/20_벼리와 강탄이/2023-09-17_벼리와 첫만남.md
732,벼리와 강탄이,2023-09-19,벼리와 산행 1,1648,0,0,,https://blog.naver.com/pillion21/223215362804,아카이브/20_벼리와 강탄이/2023-09-19_벼리와 산행 1.md
733,벼리와 강탄이,2023-09-20,벼리와 산행 2,1319,3,0,,https://blog.naver.com/pillion21/223216383809,아카이브/20_벼리와 강탄이/2023-09-20_벼리와 산행 2.md
734,벼리와 강탄이,2023-09-23,강탄이와의 만남.,1426,2,0,,https://blog.naver.com/pillion21/223219387085,아카이브/20_벼리와 강탄이/2023-09-23_강탄이와의 만남.md
735,벼리와 강탄이,2023-09-25,벼리와 강탄이의 만남,1298,1,0,,https://blog.naver.com/pillion21/223220717725,아카이브/20_벼리와 강탄이/2023-09-25_벼리와 강탄이의 만남.md
736,벼리와 강탄이,2023-09-30,다름에 대한 넉넉함.,3209,4,0,,https://blog.naver.com/pillion21/223224900583,아카이브/20_벼리와 강탄이/2023-09-30_다름에 대한 넉넉함.md
737,벼리와 강탄이,2023-10-13,강탄이의 수난시대,2354,3,0,,https://blog.naver.com/pillion21/223235303144,아카이브/20_벼리와 강탄이/2023-10-13_강탄이의 수난시대.md
738,벼리와 강탄이,2023-10-15,시간을 건너 뛰어서 2.,1840,0,0,,https://blog.naver.com/pillion21/223237039143,아카이브/20_벼리와 강탄이/2023-10-15_시간을 건너 뛰어서 2.md
739,벼리와 강탄이,2023-10-15,시간을 건너 뛰어서 1.,1233,0,0,,https://blog.naver.com/pillion21/223236993754,아카이브/20_벼리와 강탄이/2023-10-15_시간을 건너 뛰어서 1.md
740,벼리와 강탄이,2023-10-31,황태머리 사건,481,0,0,,https://blog.naver.com/pillion21/223251245007,아카이브/20_벼리와 강탄이/2023-10-31_황태머리 사건.md
741,벼리와 강탄이,2024-06-19,강탄이 벼리 소식,803,0,0,,https://blog.naver.com/pillion21/223484063523,아카이브/20_벼리와 강탄이/2024-06-19_강탄이 벼리 소식.md
742,벼리와 강탄이,2025-04-13,벼리의 임신,1264,4,0,,https://blog.naver.com/pillion21/223831834232,아카이브/20_벼리와 강탄이/2025-04-13_벼리의 임신.md
743,벼리와 강탄이,2025-06-07,드디어 다음 주.,1385,5,0,,https://blog.naver.com/pillion21/223891255122,아카이브/20_벼리와 강탄이/2025-06-07_드디어 다음 주.md
744,벼리와 강탄이,2025-06-11,벼리야 애썼다.,507,3,0,,https://blog.naver.com/pillion21/223896202447,아카이브/20_벼리와 강탄이/2025-06-11_벼리야 애썼다.md
745,벼리와 강탄이,2025-06-17,모성본능.,1518,3,0,,https://blog.naver.com/pillion21/223902098520,아카이브/20_벼리와 강탄이/2025-06-17_모성본능.md
746,벼리와 강탄이,2025-06-29,걷기 시작한 새끼들.,2481,0,0,,https://blog.naver.com/pillion21/223915294636,아카이브/20_벼리와 강탄이/2025-06-29_걷기 시작한 새끼들.md
747,벼리와 강탄이,2025-07-21,사랑으로 키워 주실분 !!,709,1,0,,https://blog.naver.com/pillion21/223941705251,아카이브/20_벼리와 강탄이/2025-07-21_사랑으로 키워 주실분 !!.md
748,벼리와 강탄이,2025-07-22,분양 완료 되었습니다.,858,2,0,,https://blog.naver.com/pillion21/223943102003,아카이브/20_벼리와 강탄이/2025-07-22_분양 완료 되었습니다.md
749,벼리와 강탄이,2025-08-01,잘 살아. 이쁨 많이 받고...,3712,0,0,,https://blog.naver.com/pillion21/223954730293,아카이브/20_벼리와 강탄이/2025-08-01_잘 살아. 이쁨 많이 받고.md
750,벼리와 강탄이,2025-08-15,한가해진 풍경,1056,0,0,,https://blog.naver.com/pillion21/223971168655,아카이브/20_벼리와 강탄이/2025-08-15_한가해진 풍경.md
751,벼리와 강탄이,2025-09-13,모두 떠나고..,1168,0,0,,https://blog.naver.com/pillion21/224006563616,아카이브/20_벼리와 강탄이/2025-09-13_모두 떠나고.md
752,벼리와 강탄이,2026-06-12,1년전 그날.,1173,1,0,,https://blog.naver.com/pillion21/224314092707,아카이브/20_벼리와 강탄이/2026-06-12_1년전 그날.md
753,벼리와 강탄이,2026-07-27,여동생의 멘탈.,768,2,0,,https://blog.naver.com/pillion21/224359709498,아카이브/20_벼리와 강탄이/2026-07-27_여동생의 멘탈.md
754,질문에 대한 생각.,2025-08-14,A님 / 코인 선물 투자에 대하여.,2848,1,0,,https://blog.naver.com/pillion21/223970269167,아카이브/21_질문에 대한 생각/2025-08-14_A님 _ 코인 선물 투자에 대하여.md
755,질문에 대한 생각.,2025-08-22,B님 / 투자는 길고 긴 여정입니다.,4036,3,0,,https://blog.naver.com/pillion21/223979311584,아카이브/21_질문에 대한 생각/2025-08-22_B님 _ 투자는 길고 긴 여정입니다.md
756,질문에 대한 생각.,2025-09-21,C님 / 투자의 실패가 인생의 실패는 아닙니다.,3008,3,0,,https://blog.naver.com/pillion21/224016381651,아카이브/21_질문에 대한 생각/2025-09-21_C님 _ 투자의 실패가 인생의 실패는 아닙니다.md
757,작심삼일,2025-01-03,1회차.,1975,3,0,,https://blog.naver.com/pillion21/223713474029,아카이브/22_작심삼일/2025-01-03_1회차.md
758,작심삼일,2025-01-12,2.3 회차.,3220,6,0,,https://blog.naver.com/pillion21/223723325296,아카이브/22_작심삼일/2025-01-12_2.3 회차.md
759,작심삼일,2025-01-27,6.7 회차.,1197,6,0,,https://blog.naver.com/pillion21/223739901777,아카이브/22_작심삼일/2025-01-27_6.7 회차.md
760,작심삼일,2025-02-08,8.9 회차.,796,7,0,,https://blog.naver.com/pillion21/223752734842,아카이브/22_작심삼일/2025-02-08_8.9 회차.md
761,작심삼일,2025-02-20,10.11 회차.,1401,6,0,,https://blog.naver.com/pillion21/223767325635,아카이브/22_작심삼일/2025-02-20_10.11 회차.md
762,작심삼일,2025-03-10,12. 13회차.,1371,6,0,,https://blog.naver.com/pillion21/223790995946,아카이브/22_작심삼일/2025-03-10_12. 13회차.md
763,작심삼일,2025-03-30,14 회차.,2838,8,0,,https://blog.naver.com/pillion21/223814707985,아카이브/22_작심삼일/2025-03-30_14 회차.md
