session_date,open,high,low,close,volume,ma20,ma50,ma200,rsi14,atr14,vol_index
2023-01-03,11122.5,11182.0,10844.75,10945.5,657681,,,,,,29.110000610351562
2023-01-04,10941.25,11068.5,10863.5,10999.25,758003,,,,,,28.360000610351562
2023-01-05,10988.5,11046.75,10805.0,10820.25,694452,,,,,,28.809999465942383
2023-01-06,10838.75,11165.75,10751.0,11113.5,736332,,,,,,26.959999084472656
2023-01-09,11126.5,11385.5,11120.25,11185.5,646318,,,,,,27.860000610351562
2023-01-10,11184.75,11288.75,11094.0,11282.0,559281,,,,,,26.940000534057617
2023-01-11,11282.5,11479.5,11239.75,11476.5,500153,,,,,,27.34000015258789
2023-01-12,11474.5,11579.75,11291.0,11534.25,754571,,,,,,24.760000228881836
2023-01-13,11528.5,11619.5,11389.0,11608.0,482002,,,,,,23.81999969482422
2023-01-17,11613.5,11685.0,11510.25,11624.5,576141,,,,,,24.75
2023-01-18,11619.75,11759.5,11468.0,11475.75,619614,,,,,,25.510000228881836
2023-01-19,11470.5,11487.0,11308.5,11356.5,594769,,,,,,25.280000686645508
2023-01-20,11401.0,11686.75,11365.25,11677.0,577769,,,,,,24.540000915527344
2023-01-23,11676.75,11983.0,11650.5,11934.0,593978,,,,,,24.610000610351562
2023-01-24,11933.0,12010.5,11835.75,11909.5,511370,,,,75.3,254.96,24.549999237060547
2023-01-25,11970.5,11976.5,11604.5,11873.25,633473,,,,73.8,263.32,24.540000915527344
2023-01-26,11874.75,12113.0,11867.25,12106.75,621434,,,,77.0,262.07,25.010000228881836
2023-01-27,12049.0,12308.5,12016.0,12222.25,588072,,,,78.4,264.24,24.56999969482422
2023-01-30,12212.5,12252.0,11960.0,11968.0,634667,,,,68.5,266.23,26.25
2023-01-31,11984.0,12156.0,11871.0,12152.0,585202,11563.21,,,71.3,267.57,25.790000915527344
2023-02-01,12116.0,12524.5,12055.25,12414.25,668515,11636.65,,,74.8,281.97,24.040000915527344
2023-02-02,12520.0,12949.75,12501.75,12846.75,817822,11729.02,,,79.2,300.08,25.059999465942383
2023-02-03,12748.25,12878.0,12551.25,12624.0,824209,11819.21,,,72.2,301.99,25.399999618530273
2023-02-06,12572.0,12608.5,12455.75,12515.5,535147,11889.31,,,68.9,292.43,25.889999389648438
2023-02-07,12513.0,12818.5,12459.25,12776.75,744996,11968.88,,,72.2,297.21,25.459999084472656
2023-02-08,12747.0,12808.5,12512.75,12545.25,590355,12032.04,,,65.6,297.1,26.450000762939453
2023-02-09,12555.0,12728.5,12366.5,12425.5,612404,12079.49,,,62.5,301.74,27.639999389648438
2023-02-10,12448.75,12451.5,12243.25,12346.25,600244,12120.09,,,60.4,295.06,27.09000015258789
2023-02-13,12357.5,12567.0,12265.25,12540.5,467840,12166.71,,,63.6,295.54,27.260000228881836
2023-02-14,12547.25,12687.0,12390.5,12631.0,719204,12217.04,,,65.0,295.61,25.059999465942383
2023-02-15,12620.75,12756.5,12524.25,12730.0,568579,12279.75,,,66.5,291.08,24.09000015258789
2023-02-16,12740.0,12792.75,12455.25,12482.5,682325,12336.05,,,59.5,294.4,26.059999465942383
2023-02-17,12462.5,12466.25,12265.75,12390.0,629355,12371.7,,,57.1,288.85,25.81999969482422
2023-02-21,12380.0,12417.75,12090.25,12096.75,609494,12379.84,,,50.2,291.61,28.56999969482422
2023-02-22,12108.0,12190.5,12034.0,12097.5,640711,12389.24,,,50.2,281.96,28.020000457763672
2023-02-23,12176.25,12261.0,12028.5,12207.5,640962,12405.95,,,52.7,278.43,26.829999923706055
2023-02-24,12190.0,12214.5,11923.0,11997.0,643618,12400.46,,,47.8,279.36,27.18000030517578
2023-02-27,12003.0,12189.5,11990.0,12083.25,578952,12393.51,,,49.8,273.66,26.649999618530273
2023-02-28,12093.5,12172.75,12025.75,12072.25,646026,12398.73,,,49.6,264.61,26.399999618530273
2023-03-01,12041.25,12141.75,11924.75,11961.75,759645,12389.21,,,46.8,261.21,26.479999542236328
2023-03-02,11967.0,12096.25,11832.5,12062.0,752009,12371.6,,,49.6,261.39,25.700000762939453
2023-03-03,12049.0,12329.0,12012.0,12311.25,675472,12344.83,,,55.7,265.36,24.360000610351562
2023-03-06,12306.25,12486.25,12276.25,12323.5,612506,12329.8,,,55.9,261.41,24.25
2023-03-07,12320.25,12381.25,12142.25,12169.0,685006,12312.48,,,51.5,259.81,24.649999618530273
2023-03-08,12170.0,12254.5,12108.25,12228.25,633419,12285.05,,,53.0,251.7,24.079999923706055
2023-03-09,12231.0,12353.5,11977.5,12007.25,816838,12258.15,,,47.0,260.58,26.549999237060547
2023-03-10,12005.0,12109.0,11795.0,11840.25,871209,12228.89,,,43.1,264.39,27.940000534057617
2023-03-13,11894.75,12095.75,11674.25,11931.75,694438,12208.16,,,45.8,275.61,29.389999389648438
2023-03-14,11960.0,12223.0,11921.75,12207.0,364395,12191.49,,,53.0,277.44,26.719999313354492
2023-03-15,12200.75,12280.0,11972.0,12247.75,261341,12172.33,12007.53,,54.0,279.63,28.690000534057617
2023-03-16,12264.5,12600.5,12189.25,12583.0,181754,12164.98,12040.28,,61.1,289.03,26.6200008392334
2023-03-17,12575.75,12636.5,12531.75,12594.650390625,734052,12170.58,12072.19,,61.3,275.87,28.350000381469727
2023-03-20,12690.0,12750.0,12525.25,12688.5,694471,12185.51,12109.55,,63.2,272.21,27.549999237060547
2023-03-21,12699.75,12898.25,12676.5,12867.25,565860,12224.03,12144.63,,66.5,268.61,25.68000030517578
2023-03-22,12873.25,13082.0,12678.0,12707.0,713083,12254.51,12175.06,,61.2,278.28,26.600000381469727
2023-03-23,12695.0,13031.0,12694.25,12854.0,838385,12286.83,12206.5,,64.0,282.46,26.559999465942383
2023-03-24,12871.5,12924.75,12728.0,12890.25,676547,12331.5,12234.77,,64.7,276.34,25.780000686645508
2023-03-27,12916.0,12984.5,12765.5,12788.5,562634,12366.76,12259.86,,61.2,272.24,25.06999969482422
2023-03-28,12810.5,12833.5,12634.25,12732.5,537965,12399.77,12282.35,,59.3,267.03,24.5
2023-03-29,12745.5,12994.0,12742.0,12965.0,566316,12449.93,12309.16,,64.3,266.63,23.989999771118164
2023-03-30,12962.5,13111.75,12931.5,13082.0,583151,12500.93,12341.28,,66.5,260.46,23.989999771118164
2023-03-31,13084.25,13311.5,13057.5,13301.75,624955,12550.46,12380.19,,70.2,260.0,23.600000381469727
2023-04-03,13262.0,13278.75,13154.0,13270.0,542896,12597.78,12412.05,,69.0,251.98,23.670000076293945
2023-04-04,13259.0,13348.75,13168.25,13219.0,577032,12650.28,12437.75,,67.0,246.88,24.280000686645508
2023-04-05,13230.0,13247.25,13006.0,13079.75,594608,12692.86,12461.15,,61.8,246.47,24.6200008392334
2023-04-06,13072.75,13191.0,12953.25,13170.75,41224,12751.03,12487.1,,63.8,245.85,23.860000610351562
2023-04-10,13179.75,13203.25,12967.5,13158.0,553003,12816.92,12508.13,,63.3,245.13,24.559999465942383
2023-04-11,13163.25,13208.75,13053.5,13074.75,549047,12874.07,12525.18,,60.0,238.71,24.709999084472656
2023-04-12,13073.75,13241.75,12937.75,12952.25,684779,12911.33,12544.86,,55.5,243.37,24.489999771118164
2023-04-13,12957.0,13228.0,12925.5,13209.75,558233,12959.43,12566.02,,62.0,247.6,23.280000686645508
2023-04-14,13183.0,13255.0,13058.0,13181.25,627824,12989.35,12581.36,,60.9,243.98,22.219999313354492
2023-04-17,13212.5,13218.0,13076.75,13186.5,540742,13018.94,12588.15,,61.1,236.64,21.90999984741211
2023-04-18,13184.0,13298.75,13138.0,13193.0,576668,13044.16,12599.53,,61.3,231.22,21.40999984741211
2023-04-19,13170.5,13226.75,13065.0,13183.0,529506,13059.95,12612.88,,60.8,226.26,21.239999771118164
2023-04-20,13162.0,13200.0,13021.75,13074.25,680299,13078.31,12618.83,,55.9,222.83,21.770000457763672
2023-04-21,13089.0,13122.0,12982.5,13090.5,593982,13090.14,12629.74,,56.5,216.88,21.290000915527344
2023-04-24,13070.0,13134.0,12967.25,13056.5,582286,13098.45,12642.36,,54.9,213.3,21.520000457763672
2023-04-25,13050.25,13059.5,12800.0,12809.5,694266,13099.5,12651.62,,45.1,216.6,22.969999313354492
2023-04-26,12940.0,13012.25,12863.75,12887.75,755124,13107.26,12658.57,,48.3,215.61,22.770000457763672
2023-04-27,12965.0,13333.0,12936.0,13231.25,728241,13120.58,12670.57,,59.3,232.01,21.049999237060547
2023-04-28,13215.0,13336.0,13169.0,13320.25,671058,13132.49,12682.38,,61.6,227.37,20.1200008392334
2023-05-01,13317.0,13370.25,13258.75,13306.75,487908,13132.74,12698.86,,61.0,219.09,20.190000534057617
2023-05-02,13290.0,13334.75,13110.25,13184.5,664855,13128.46,12714.75,,56.1,219.48,21.6299991607666
2023-05-03,13162.0,13314.0,13080.0,13100.75,648753,13122.55,12734.83,,52.9,220.52,22.030000686645508
2023-05-04,13064.0,13173.0,13001.75,13043.75,656440,13120.75,12753.76,,50.8,217.0,23.139999389648438
2023-05-05,13060.0,13359.0,13055.75,13317.75,573291,13128.1,12775.96,,59.2,224.02,20.360000610351562
2023-05-08,13316.0,13368.0,13254.5,13352.25,506054,13137.81,12803.07,,60.1,216.12,20.309999465942383
2023-05-09,13338.5,13347.0,13250.5,13264.75,552248,13147.31,12826.7,,56.6,207.95,20.850000381469727
2023-05-10,13258.75,13446.75,13202.75,13409.5,839699,13170.17,12853.44,,60.7,210.53,19.760000228881836
2023-05-11,13410.0,13470.25,13361.5,13446.5,653399,13182.01,12883.14,,61.7,203.26,19.399999618530273
2023-05-12,13446.0,13494.25,13310.5,13396.25,628035,13192.76,12909.82,,59.5,201.86,19.530000686645508
2023-05-15,13378.75,13480.0,13350.0,13468.0,495940,13206.84,12932.96,,61.6,196.73,19.549999237060547
2023-05-16,13461.0,13554.5,13426.25,13483.25,561834,13221.35,12956.15,,62.1,191.84,19.84000015258789
2023-05-17,13498.5,13669.0,13474.25,13643.5,621137,13244.38,12985.64,,66.5,192.05,19.15999984741211
2023-05-18,13640.5,13913.0,13628.25,13894.0,749496,13285.36,13018.96,,72.0,198.67,19.31999969482422
2023-05-19,13908.5,13960.25,13814.25,13858.0,659819,13323.74,13055.97,,70.2,194.91,19.68000030517578
2023-05-22,13805.5,13946.75,13794.25,13902.5,538203,13366.04,13097.22,,71.2,191.88,19.969999313354492
2023-05-23,13913.25,13979.25,13710.0,13728.75,658680,13412.0,13133.16,,62.7,197.4,20.989999771118164
2023-05-24,13729.0,13845.75,13566.5,13650.25,704804,13450.12,13162.02,,59.3,203.25,22.399999618530273
2023-05-25,13877.0,14031.25,13803.0,13976.5,819148,13487.39,13196.6,,67.3,215.95,21.690000534057617
2023-05-26,13977.75,14369.0,13924.5,14332.5,729047,13538.0,13231.59,,73.4,232.27,22.209999084472656
2023-05-30,14437.5,14570.0,14336.75,14396.75,882198,13592.5,13267.63,,74.4,232.65,22.420000076293945
2023-05-31,14397.25,14429.0,14251.25,14300.5,680429,13648.3,13299.87,,70.4,228.72,22.1200008392334
2023-06-01,14289.5,14528.25,14248.25,14472.25,622329,13716.88,13331.97,,73.2,232.39,20.459999084472656
2023-06-02,14494.0,14627.75,14468.25,14575.25,623290,13793.45,13369.33,,74.7,227.18,19.290000915527344
2023-06-05,14577.0,14694.75,14512.75,14588.75,619089,13857.0,13404.03,,74.9,223.95,19.420000076293945
2023-06-06,14582.0,14623.75,14504.5,14586.5,572806,13918.71,13437.95,,74.8,216.47,18.540000915527344
2023-06-07,14594.5,14675.0,14305.5,14331.5,770555,13972.05,13468.82,,63.7,227.4,19.209999084472656
2023-06-08,14316.0,14526.75,14256.75,14503.0,631769,14026.73,13504.23,,67.2,230.45,18.65999984741211
2023-06-09,14517.0,14687.5,14460.25,14556.25,581386,14082.21,13536.05,,68.2,230.22,18.889999389648438
2023-06-12,14560.25,14827.0,14554.25,14800.5,397388,14152.42,13570.42,,72.5,233.26,20.459999084472656
2023-06-13,14824.0,14967.75,14779.5,14914.25,347119,14224.74,13602.67,,74.2,230.04,20.059999465942383
2023-06-14,14925.0,15061.5,14793.0,15012.75,204099,14301.21,13637.52,,75.7,232.79,19.719999313354492
2023-06-15,15038.0,15252.0,14878.0,15188.0,139777,14378.44,13676.91,,78.0,242.88,20.280000686645508
2023-06-16,15181.25,15324.0,15130.5,15316.6103515625,636907,14449.57,13721.64,,79.6,239.35,19.549999237060547
2023-06-20,15303.25,15322.5,15126.5,15256.5,652883,14519.49,13763.36,,76.8,236.25,19.950000762939453
2023-06-21,15247.5,15273.25,15002.25,15044.0,640702,14576.57,13801.08,,67.9,238.73,19.290000915527344
2023-06-22,15038.75,15238.0,14964.0,15214.75,611017,14650.87,13843.88,,70.9,241.25,18.81999969482422
2023-06-23,15236.0,15236.0,14985.25,15058.25,620593,14721.27,13886.0,,65.0,241.93,19.290000915527344
2023-06-26,15057.75,15152.5,14853.5,14856.5,649993,14765.27,13918.93,,58.3,246.01,20.3700008392334
2023-06-27,14875.0,15139.25,14862.25,15111.5,569198,14804.22,13957.54,,63.4,248.63,20.079999923706055
2023-06-28,15088.25,15219.0,15021.25,15130.0,662146,14840.88,13996.41,,63.8,245.0,20.020000457763672
2023-06-29,15161.0,15202.75,15028.5,15100.25,594134,14880.87,14034.55,,62.8,239.94,19.979999542236328
2023-06-30,15106.0,15376.75,15099.0,15337.0,529455,14924.11,14077.63,,67.3,242.64,19.549999237060547
2023-07-03,15331.0,15392.0,15308.0,15364.75,265064,14963.58,14123.44,,67.8,231.31,19.8700008392334
2023-07-05,15357.0,15432.0,15255.25,15360.75,519857,15002.18,14168.85,,67.6,227.42,19.90999984741211
2023-07-06,15353.75,15366.0,15111.5,15238.0,574681,15034.76,14212.48,,62.8,229.35,21.110000610351562
2023-07-07,15211.75,15359.75,15172.25,15181.75,555119,15077.27,14259.92,,60.6,226.36,20.600000381469727
2023-07-10,15198.5,15218.25,15063.25,15187.0,609953,15111.47,14305.91,,60.8,221.26,21.079999923706055
2023-07-11,15195.75,15278.75,15109.5,15260.0,552637,15146.66,14346.48,,62.7,217.55,20.899999618530273
2023-07-12,15258.0,15507.75,15254.5,15444.75,649433,15178.87,14388.97,,67.1,220.1,19.479999542236328
2023-07-13,15457.75,15741.25,15456.5,15711.5,563935,15218.73,14437.07,,72.2,225.56,19.780000686645508
2023-07-14,15699.0,15857.25,15663.0,15694.25,629943,15252.81,14487.26,,71.4,223.32,19.649999618530273
2023-07-17,15690.0,15882.75,15661.5,15840.75,522129,15285.44,14542.06,,73.9,223.17,19.43000030517578
2023-07-18,15832.0,16029.75,15733.0,15974.75,633272,15318.35,14600.68,,76.0,228.43,19.290000915527344
2023-07-19,15949.25,16062.75,15911.25,15959.25,682279,15353.49,14653.51,,75.3,222.93,19.68000030517578
2023-07-20,15922.75,15925.75,15547.0,15592.25,810475,15380.9,14698.31,,60.1,236.46,20.200000762939453
2023-07-21,15590.75,15719.25,15522.25,15540.0,704413,15397.16,14743.82,,58.3,233.64,19.610000610351562
2023-07-24,15556.0,15618.75,15483.75,15561.25,561877,15422.31,14786.85,,58.8,226.59,19.829999923706055
2023-07-25,15570.0,15736.25,15549.25,15673.0,554880,15463.14,14831.38,,61.6,223.76,19.709999084472656
2023-07-26,15730.25,15739.25,15515.0,15610.75,683826,15488.1,14875.67,,59.2,223.8,18.989999771118164
2023-07-27,15638.75,15904.0,15511.25,15571.0,846437,15510.15,14917.73,,57.6,235.87,19.829999923706055
2023-07-28,15580.0,15896.0,15546.25,15847.5,689386,15547.51,14965.02,,64.6,244.0,18.920000076293945
2023-07-31,15850.0,15917.0,15791.25,15857.5,523896,15573.54,15009.3,,64.9,235.55,19.31999969482422
2023-08-01,15869.25,15889.25,15728.25,15817.25,529660,15596.16,15047.76,,63.1,230.23,19.670000076293945
2023-08-02,15757.0,15789.75,15414.0,15473.0,773499,15601.77,15080.06,,50.6,242.59,22.1299991607666
2023-08-03,15455.75,15551.75,15339.5,15438.75,658841,15611.81,15110.79,,49.5,240.42,22.079999923706055
2023-08-04,15441.0,15610.25,15336.5,15354.0,773229,15620.42,15143.29,,46.9,242.8,22.020000457763672
2023-08-07,15370.5,15495.5,15334.25,15485.5,578299,15635.35,15180.0,,51.2,236.98,20.81999969482422
2023-08-08,15495.0,15497.75,15218.0,15354.25,638813,15640.06,15207.55,,47.1,240.03,21.06999969482422
2023-08-09,15351.75,15432.5,15146.5,15178.25,652732,15626.74,15224.47,,42.2,243.32,21.5
2023-08-10,15202.5,15442.25,15136.0,15201.25,807104,15601.23,15240.56,,43.0,247.81,21.030000686645508
2023-08-11,15219.0,15266.75,15037.25,15095.75,613959,15571.3,15256.46,,40.2,246.5,20.450000762939453
2023-08-14,15104.0,15282.0,15020.75,15270.25,554628,15542.77,15272.42,,46.5,247.56,20.200000762939453
2023-08-15,15279.0,15335.0,15074.75,15106.5,593602,15499.36,15283.05,,42.0,248.46,21.3700008392334
2023-08-16,15110.75,15166.0,14921.5,14942.25,641607,15448.51,15290.12,,38.1,248.18,22.079999923706055
2023-08-17,14940.25,15018.25,14738.25,14778.0,681399,15407.8,15293.95,,34.6,250.45,22.709999084472656
2023-08-18,14748.0,14802.75,14609.25,14744.0,731241,15368.0,15302.2,,33.9,246.38,22.010000228881836
2023-08-21,14762.5,15013.75,14720.5,14985.75,641685,15339.23,15311.85,,42.7,249.73,21.889999389648438
2023-08-22,14974.5,15118.25,14932.0,14958.5,623728,15303.5,15319.9,,42.0,245.2,21.81999969482422
2023-08-23,14959.75,15356.75,14957.25,15195.5,606168,15282.74,15327.8,,49.6,256.22,21.360000610351562
2023-08-24,15333.0,15418.0,14817.0,14862.0,847308,15247.29,15326.75,,41.4,280.85,22.579999923706055
2023-08-25,14833.0,15048.75,14751.75,14979.25,823889,15203.88,15326.08,,44.8,282.0,20.8799991607666
2023-08-28,14991.0,15126.5,14973.5,15092.5,586342,15165.62,15324.17,,48.0,272.79,20.389999389648438
2023-08-29,15098.75,15430.5,15049.75,15415.75,616223,15145.55,15326.16,,55.8,280.5,19.329999923706055
2023-08-30,15427.5,15522.75,15361.5,15501.25,590194,15146.96,15331.05,,57.6,271.98,19.06999969482422
2023-08-31,15513.75,15606.75,15460.0,15538.5,584743,15151.95,15340.94,,58.4,263.03,18.739999771118164
2023-09-01,15534.0,15661.25,15454.0,15516.25,572689,15160.06,15346.97,,57.7,259.05,18.40999984741211
2023-09-05,15517.0,15586.75,15418.25,15534.5,604891,15162.51,15356.5,,58.2,252.58,19.399999618530273
2023-09-06,15511.25,15533.0,15310.5,15399.5,596503,15164.77,15367.35,,53.7,250.54,19.790000915527344
2023-09-07,15385.0,15395.75,15157.5,15282.25,644887,15169.98,15370.77,,50.1,249.93,19.950000762939453
2023-09-08,15286.25,15390.75,15223.0,15297.5,598477,15174.79,15374.12,,50.5,244.06,19.149999618530273
2023-09-11,15308.0,15497.5,15298.0,15475.75,411385,15193.79,15381.63,,55.7,240.91,18.84000015258789
2023-09-12,15466.5,15480.75,15288.75,15304.75,253049,15195.51,15380.99,,50.3,237.42,19.209999084472656
2023-09-13,15308.5,15424.25,15212.75,15356.25,190166,15208.0,15380.82,,51.8,235.57,18.06999969482422
2023-09-14,15372.75,15517.75,15337.25,15478.0,110435,15234.79,15383.16,,55.3,231.63,17.25
2023-09-15,15480.25,15524.0,15401.25,15435.2001953125,708762,15267.65,15387.1,,53.8,223.86,18.690000534057617
2023-09-18,15382.25,15461.0,15330.5,15414.5,509746,15301.17,15391.76,,53.1,217.19,18.959999084472656
2023-09-19,15424.25,15442.25,15248.5,15375.25,552065,15320.65,15395.52,,51.6,215.51,19.209999084472656
2023-09-20,15375.25,15436.25,15127.0,15152.0,605256,15330.32,15393.36,,44.2,222.21,20.459999084472656
2023-09-21,15133.25,15149.0,14841.0,14862.75,702742,15313.69,15381.72,,36.9,228.55,22.479999542236328
2023-09-22,14854.5,15027.5,14836.25,14869.5,624056,15314.06,15364.88,,37.1,225.89,22.010000228881836
2023-09-25,14880.25,14955.75,14782.25,14935.25,568859,15311.86,15349.7,,39.8,222.15,21.649999618530273
2023-09-26,14949.0,14949.0,14666.25,14715.0,667617,15292.99,15327.19,,34.5,226.47,22.8700008392334
2023-09-27,14725.25,14821.5,14586.0,14739.0,716200,15259.15,15302.47,,35.5,227.12,22.34000015258789
2023-09-28,14772.5,14947.5,14658.0,14859.75,734472,15227.07,15280.48,,40.4,231.58,21.530000686645508
2023-09-29,14876.5,15060.75,14811.0,14866.5,745541,15193.47,15265.97,,40.7,232.87,21.280000686645508
2023-10-02,14965.0,15046.0,14826.0,14984.75,762896,15166.9,15254.86,,45.4,231.95,21.510000228881836
2023-10-03,14989.5,15031.0,14651.5,14714.5,762964,15125.9,15237.93,,38.0,242.49,23.770000457763672
2023-10-04,14713.75,14956.0,14589.0,14923.75,803257,15102.11,15222.94,,45.4,251.39,22.68000030517578
2023-10-05,14903.0,14958.75,14716.25,14861.75,676461,15081.09,15207.96,,43.7,250.75,22.760000228881836
2023-10-06,14853.75,15160.25,14660.0,15112.0,840602,15071.81,15198.78,,51.5,268.57,21.40999984741211
2023-10-09,15040.25,15212.75,14949.5,15187.0,617072,15057.37,15185.57,,53.6,268.19,21.81999969482422
2023-10-10,15196.5,15383.5,15171.75,15270.75,648613,15055.67,15173.84,,55.8,264.16,21.1299991607666
2023-10-11,15282.25,15416.75,15253.0,15380.0,614965,15056.86,15165.09,,58.7,256.99,20.15999984741211
2023-10-12,15407.5,15468.75,15216.25,15315.0,747494,15048.71,15161.93,,56.3,256.67,20.6299991607666
2023-10-13,15324.0,15366.75,15062.25,15120.25,777005,15032.96,15155.56,,50.0,260.08,22.75
2023-10-16,15120.0,15336.75,15083.0,15289.5,641294,15026.71,15154.27,,54.8,259.63,21.389999389648438
2023-10-17,15305.75,15309.25,15050.25,15240.75,781599,15019.99,15149.38,,53.2,259.59,21.959999084472656
2023-10-18,15236.5,15238.25,14979.25,15025.25,853599,15013.65,15142.8,13888.62,46.8,259.72,23.440000534057617
2023-10-19,15045.0,15138.25,14839.5,14890.0,1019700,15015.01,15137.03,13908.34,43.3,262.51,24.739999771118164
2023-10-20,14850.0,14887.5,14645.0,14664.0,846675,15004.74,15126.29,13926.67,38.1,261.26,25.309999465942383
2023-10-23,14680.0,14853.75,14514.25,14712.0,765733,14993.58,15118.61,13946.12,39.7,266.85,23.969999313354492
2023-10-24,14744.0,14948.75,14706.0,14846.5,703058,15000.15,15110.14,13964.79,44.2,265.13,22.34000015258789
2023-10-25,14828.0,14855.0,14444.0,14478.25,820677,14987.11,15097.57,13981.25,36.3,275.55,24.34000015258789
2023-10-26,14425.0,14459.0,14140.25,14194.0,987597,14953.83,15082.61,13995.81,31.6,280.01,24.850000381469727
2023-10-27,14248.25,14407.75,14209.75,14265.25,782097,14923.76,15072.35,14009.76,33.9,275.28,24.440000534057617
2023-10-30,14336.0,14476.5,14303.0,14416.5,704860,14895.35,15065.8,14024.17,38.6,270.7,23.610000610351562
2023-10-31,14410.5,14503.75,14311.25,14490.25,712605,14884.14,15055.89,14038.58,40.9,265.12,22.459999084472656
2023-11-01,14460.0,14762.0,14410.75,14744.5,741817,14875.17,15051.61,14054.18,47.9,271.27,20.68000030517578
2023-11-02,14761.25,15017.25,14760.0,14998.0,652481,14881.99,15047.66,14071.79,53.8,271.37,19.540000915527344
2023-11-03,14928.0,15228.5,14925.5,15178.75,633835,14885.33,15054.0,14090.9,57.5,273.63,18.6200008392334
2023-11-06,15187.0,15257.5,15138.0,15232.5,496129,14887.6,15059.06,14108.68,58.6,262.62,18.649999618530273
2023-11-07,15215.0,15412.25,15176.0,15374.25,585124,14892.77,15064.7,14125.88,61.3,260.74,18.450000762939453
2023-11-08,15373.0,15417.5,15286.75,15386.5,547842,14893.1,15064.11,14143.27,61.5,251.46,18.15999984741211
2023-11-09,15356.25,15453.75,15236.75,15256.0,710427,14890.15,15059.21,14160.18,57.5,248.99,19.010000228881836
2023-11-10,15254.75,15612.75,15207.25,15596.25,679633,14913.95,15060.36,14177.63,64.1,260.17,17.950000762939453
2023-11-13,15586.25,15601.25,15465.25,15547.0,532937,14926.83,15060.98,14194.25,62.6,251.3,18.81999969482422
2023-11-14,15558.0,15918.75,15552.0,15879.75,656099,14958.77,15067.88,14213.81,68.1,259.91,17.889999389648438
2023-11-15,15895.0,16049.5,15832.25,15889.25,685072,15001.98,15077.68,14232.5,68.2,256.86,18.09000015258789
2023-11-16,15846.75,15906.75,15796.75,15897.5,634456,15052.35,15089.98,14249.91,68.4,246.37,17.829999923706055
2023-11-17,15897.75,15940.0,15825.0,15895.75,562424,15113.94,15101.95,14265.16,68.3,236.99,17.40999984741211
2023-11-20,15895.0,16116.75,15837.25,16086.5,559493,15182.66,15114.16,14282.47,71.5,240.02,17.139999389648438
2023-11-21,16087.5,16122.5,15912.0,15990.25,575452,15239.85,15127.87,14299.84,67.8,237.91,17.549999237060547
2023-11-22,15967.25,16173.5,15942.75,16049.25,624552,15318.4,15141.73,14316.21,68.9,237.4,16.65999984741211
2023-11-23,16036.75,16086.5,16034.5,16062.5,624552,15411.83,15153.42,14333.79,69.1,224.16,
2023-11-24,16036.75,16086.5,15981.75,16021.0,296604,15499.61,15165.14,14351.77,67.3,215.63,16.1200008392334
2023-11-27,16008.0,16089.25,15938.75,16008.75,502555,15579.23,15177.02,14370.08,66.7,210.98,16.440000534057617
2023-11-28,16005.25,16071.5,15945.25,16048.0,598224,15657.11,15190.48,14387.62,67.7,204.93,16.149999618530273
2023-11-29,16055.5,16208.5,16013.5,16023.75,634326,15721.08,15207.92,14404.58,66.4,204.22,16.520000457763672
2023-11-30,16040.25,16098.5,15856.0,15985.5,694118,15770.45,15230.37,14420.86,64.5,206.95,16.719999313354492
2023-12-01,15955.0,16050.0,15864.0,16023.75,621710,15812.7,15253.45,14438.57,65.6,205.46,16.209999084472656
2023-12-04,16022.0,16026.0,15721.25,15869.0,721019,15844.52,15272.13,14455.96,57.7,212.55,17.209999084472656
2023-12-05,15863.25,15961.0,15761.25,15908.75,683586,15871.25,15296.0,14475.02,59.1,211.63,16.989999771118164
2023-12-06,15897.0,16037.75,15802.0,15815.25,675482,15892.69,15317.53,14493.61,54.7,213.36,17.030000686645508
2023-12-07,15814.5,16066.0,15791.0,16038.75,632326,15931.83,15341.11,14512.77,62.0,217.76,17.079999923706055
2023-12-08,16017.5,16118.75,15888.25,16098.25,588926,15956.92,15365.75,14533.27,63.7,218.67,15.9399995803833
2023-12-11,16093.0,16248.0,16045.5,16237.0,394184,15991.42,15390.79,14554.04,67.3,217.51,16.270000457763672
2023-12-12,16240.0,16389.5,16185.25,16362.75,253666,16015.58,15423.75,14575.49,70.2,216.57,15.380000114440918
2023-12-13,16383.0,16593.0,16365.5,16563.75,155141,16049.3,15456.56,14598.5,74.2,217.54,15.350000381469727
2023-12-14,16561.5,16674.5,16418.75,16541.5,131883,16081.5,15490.15,14620.9,73.0,220.27,15.420000076293945
2023-12-15,16532.5,16612.5,16521.5,16530.23046875,668578,16113.22,15518.51,14642.0,72.4,211.04,15.470000267028809
2023-12-18,16820.25,16974.0,16802.25,16939.75,463438,16155.89,15553.57,14665.08,79.2,227.66,15.869999885559082
2023-12-19,16917.0,17029.5,16910.75,17023.0,496518,16207.52,15588.61,14689.35,80.3,219.88,15.800000190734863
2023-12-20,17024.0,17073.5,16758.5,16766.25,654329,16243.37,15616.34,14712.04,68.6,226.68,16.979999542236328
2023-12-21,16790.25,16970.25,16790.25,16956.5,639818,16288.07,15649.17,14736.78,71.9,225.06,17.18000030517578
2023-12-22,16956.0,17041.5,16891.5,16980.0,486853,16336.02,15686.36,14762.48,72.3,219.7,16.6200008392334
2023-12-26,16964.5,17111.25,16964.5,17083.5,292090,16389.76,15722.24,14788.24,73.9,214.49,17.0
2023-12-27,17090.25,17133.0,17055.5,17113.25,424302,16443.02,15759.69,14812.77,74.4,204.7,16.219999313354492
2023-12-28,17127.0,17165.25,17077.75,17090.5,357702,16496.36,15801.0,14836.99,73.3,196.33,16.360000610351562
2023-12-29,17090.25,17131.0,16938.25,17023.5,470864,16548.26,15843.67,14859.19,70.0,196.07,16.200000762939453
2024-01-02,17019.0,17038.5,16622.5,16720.0,652714,16583.07,15884.79,14879.82,57.3,211.78,17.59000015258789
2024-01-03,16736.75,16737.25,16522.0,16538.0,677219,16616.52,15921.31,14899.06,51.2,212.03,18.020000457763672
2024-01-04,16545.25,16587.25,16436.0,16445.0,559464,16643.34,15953.28,14916.95,48.4,207.69,17.889999389648438
2024-01-05,16455.0,16577.25,16334.25,16460.25,627475,16675.59,15992.92,14935.72,48.9,210.21,17.1299991607666
2024-01-08,16470.0,16811.25,16378.25,16803.75,549900,16713.84,16045.11,14955.47,58.5,226.12,16.860000610351562
2024-01-09,16788.0,16868.5,16657.75,16830.25,605921,16750.44,16096.41,14975.17,59.2,225.03,16.549999237060547
2024-01-10,16829.5,16983.0,16801.5,16945.25,550703,16785.85,16146.99,14995.95,61.9,221.92,16.600000381469727
2024-01-11,16955.0,17057.0,16753.0,16966.25,756441,16816.02,16196.51,15017.12,62.4,227.78,16.399999618530273
2024-01-12,16957.75,17042.5,16866.5,16969.25,593445,16836.3,16241.0,15037.14,62.5,224.08,16.540000915527344
2024-01-16,16961.75,17033.75,16811.75,16966.5,816021,16857.55,16280.37,15056.56,62.4,223.93,17.8700008392334
2024-01-17,16978.0,16982.0,16689.25,16869.75,722784,16874.53,16314.19,15074.4,58.0,228.85,18.700000762939453
2024-01-18,16854.5,17125.75,16834.25,17110.0,852229,16883.04,16351.74,15093.6,64.6,233.32,17.950000762939453
2024-01-19,17116.0,17471.25,17107.25,17438.5,758132,16903.81,16393.03,15114.7,71.2,242.66,17.399999618530273
2024-01-22,17466.0,17585.0,17434.0,17458.5,637245,16938.42,16434.47,15136.6,71.6,236.11,17.200000762939453
2024-01-23,17461.0,17558.25,17409.5,17531.25,508078,16967.16,16479.97,15158.4,72.9,229.87,16.549999237060547
2024-01-24,17554.0,17793.5,17552.25,17621.0,721605,16999.21,16520.47,15180.71,74.4,232.18,16.959999084472656
2024-01-25,17614.75,17752.0,17542.0,17634.5,710822,17026.76,16562.22,15203.51,74.7,230.6,17.260000228881836
2024-01-26,17571.25,17632.0,17466.0,17527.0,631481,17047.45,16595.16,15226.39,69.2,226.16,17.030000686645508
2024-01-29,17502.0,17716.25,17457.5,17706.0,568739,17078.22,16631.5,15248.87,72.8,228.49,17.389999389648438
2024-01-30,17711.75,17735.75,17467.0,17588.5,554146,17106.47,16665.32,15270.9,67.3,231.37,17.56999969482422
2024-01-31,17415.5,17484.0,17221.5,17242.25,816119,17132.59,16692.25,15291.18,54.3,241.05,18.25
2024-02-01,17273.25,17646.75,17262.75,17436.75,705238,17177.53,16719.25,15312.4,59.1,252.73,17.329999923706055
2024-02-02,17588.0,17775.5,17465.5,17732.75,761167,17241.91,16754.1,15335.15,65.1,258.87,17.219999313354492
2024-02-05,17696.0,17745.5,17554.25,17700.0,621645,17303.9,16787.12,15358.28,64.0,254.04,17.56999969482422
2024-02-06,17698.5,17769.0,17560.75,17660.0,623168,17346.71,16819.07,15381.13,62.6,250.77,17.309999465942383
2024-02-07,17645.75,17875.5,17629.75,17841.75,613340,17397.29,16855.48,15405.05,66.2,250.41,16.940000534057617
2024-02-08,17856.25,17896.5,17792.25,17868.25,471370,17443.44,16892.67,15430.35,66.7,239.97,16.959999084472656
2024-02-09,17854.25,18071.0,17852.25,18039.25,499282,17497.09,16932.5,15456.1,69.9,238.46,16.860000610351562
2024-02-12,18040.0,18121.5,17911.25,17965.0,538132,17546.88,16971.32,15479.77,66.9,236.44,18.09000015258789
2024-02-13,17928.5,17963.25,17542.0,17676.75,858230,17582.39,17005.15,15501.55,56.8,249.77,19.489999771118164
2024-02-14,17703.0,17887.0,17669.25,17881.0,688088,17632.95,17042.29,15524.43,61.3,247.48,18.260000228881836
2024-02-15,17870.0,17968.25,17780.5,17912.75,657768,17673.09,17083.17,15548.07,61.9,243.21,17.850000381469727
2024-02-16,17952.0,18026.0,17715.0,17744.0,744628,17688.36,17119.87,15571.28,56.4,248.06,18.600000381469727
2024-02-20,17729.25,17807.5,17452.5,17607.25,889292,17695.8,17155.71,15594.1,52.4,255.7,19.780000686645508
2024-02-21,17573.0,17723.0,17372.75,17536.75,731450,17696.08,17185.67,15615.2,50.4,262.45,19.600000381469727
2024-02-22,17702.5,18087.0,17676.0,18047.5,759232,17717.4,17224.66,15638.67,61.8,283.01,18.389999389648438
2024-02-23,18023.25,18144.75,17946.0,17991.0,659725,17735.22,17259.74,15662.3,60.2,276.99,17.700000762939453
2024-02-26,17961.5,18059.5,17922.0,17977.0,526169,17757.72,17292.02,15685.14,59.7,267.02,17.829999923706055
2024-02-27,17951.0,18040.25,17908.75,18021.0,567818,17773.47,17321.17,15708.01,60.7,257.34,17.579999923706055
2024-02-28,18017.5,18019.75,17846.25,17915.25,553731,17789.81,17348.64,15730.61,57.2,251.44,17.860000610351562
2024-02-29,17870.0,18109.5,17826.0,18082.75,680147,17831.84,17379.69,15753.68,61.0,253.73,17.209999084472656
2024-03-01,18075.0,18372.75,18029.5,18338.25,639153,17876.91,17407.67,15777.96,66.0,260.13,17.200000762939453
2024-03-04,18336.0,18377.75,18234.25,18262.0,569342,17903.38,17432.44,15801.05,63.4,251.8,17.600000381469727
2024-03-05,18246.0,18252.0,17832.5,17930.25,803857,17914.89,17455.72,15821.23,53.5,264.49,18.459999084472656
2024-03-06,17981.0,18174.25,17942.5,18044.25,806131,17934.1,17477.48,15842.16,56.1,263.03,18.540000915527344
2024-03-07,18041.0,18360.0,17915.75,18316.25,758499,17957.83,17504.21,15864.23,61.4,275.97,18.610000610351562
2024-03-08,18279.0,18436.5,18012.5,18046.75,1048847,17966.75,17523.47,15885.82,54.3,286.55,19.040000915527344
2024-03-11,18056.0,18068.25,17890.5,17971.0,472517,17963.34,17540.62,15907.42,52.5,278.77,19.3700008392334
2024-03-12,18010.5,18241.75,17930.0,18227.75,281274,17976.47,17563.37,15928.68,57.7,281.13,18.1299991607666
2024-03-13,18218.0,18256.5,18033.25,18078.5,179714,17996.56,17584.47,15947.41,54.0,277.0,17.90999984741211
2024-03-14,18094.25,18177.75,17915.5,18024.5,110277,18003.74,17610.56,15965.55,52.7,275.94,18.610000610351562
2024-03-15,18006.0,18074.75,17831.75,17854.75,705711,18000.84,17636.9,15983.32,48.7,273.59,19.25
2024-03-18,18073.5,18381.0,18062.25,18231.5,656629,18025.21,17672.62,16002.12,56.6,291.64,19.399999618530273
2024-03-19,18222.0,18289.25,18053.25,18270.0,660394,18058.35,17708.82,16020.59,57.3,287.66,18.780000686645508
2024-03-20,18274.0,18545.0,18227.5,18479.75,618809,18105.5,17742.34,16040.05,61.1,289.79,17.549999237060547
2024-03-21,18539.75,18709.0,18526.75,18561.75,606959,18131.21,17776.97,16059.92,62.5,285.47,17.3799991607666
2024-03-22,18580.5,18626.0,18492.0,18574.75,511962,18160.4,17809.56,16081.14,62.8,274.65,17.040000915527344
2024-03-25,18567.0,18601.25,18414.75,18513.5,456250,18187.22,17840.51,16101.19,60.9,268.35,17.229999542236328
2024-03-26,18531.25,18619.0,18439.25,18449.0,516507,18208.62,17870.1,16120.65,58.8,262.02,17.100000381469727
2024-03-27,18477.5,18571.75,18378.5,18503.75,605634,18238.05,17900.85,16139.17,60.1,257.11,16.610000610351562
2024-03-28,18505.0,18538.75,18447.5,18475.0,515193,18257.66,17932.95,16156.97,59.1,245.26,16.65999984741211
2024-04-01,18503.0,18612.0,18414.5,18497.25,572133,18265.61,17960.69,16174.4,59.6,241.85,17.559999465942383
2024-04-02,18497.25,18511.0,18201.5,18330.0,618982,18269.01,17978.53,16190.11,53.8,246.68,18.18000030517578
2024-04-03,18345.0,18451.75,18232.5,18373.25,597987,18291.16,17996.82,16205.39,55.0,244.73,18.040000915527344
2024-04-04,18388.5,18568.0,18055.25,18076.75,777140,18292.79,18007.73,16219.49,46.0,263.87,19.950000762939453
2024-04-05,18086.25,18408.25,18051.5,18300.75,809193,18292.01,18021.33,16235.77,52.3,270.5,19.229999542236328
2024-04-08,18348.25,18376.0,18237.5,18295.0,524203,18304.42,18034.53,16251.18,52.2,261.08,18.770000457763672
2024-04-09,18314.75,18407.25,18160.75,18359.75,696069,18323.86,18051.19,16267.68,54.0,260.03,18.559999465942383
2024-04-10,18381.0,18474.25,18053.5,18196.75,880504,18322.31,18061.01,16284.38,48.9,271.51,18.989999771118164
2024-04-11,18184.0,18518.75,18088.0,18485.0,728802,18342.64,18078.94,16301.25,56.6,282.89,18.399999618530273
2024-04-12,18486.25,18507.75,18120.25,18179.25,787334,18350.38,18097.67,16316.5,48.3,290.36,20.389999389648438
2024-04-15,18151.0,18350.75,17841.5,17876.25,797316,18351.45,18106.47,16330.38,41.8,306.0,22.84000015258789
2024-04-16,17879.0,17988.0,17792.0,17881.25,766364,18333.94,18109.44,16343.1,41.9,298.14,22.010000228881836
2024-04-17,17897.0,17968.5,17615.25,17658.5,844749,18303.36,18108.6,16354.57,37.6,302.07,22.209999084472656
2024-04-18,17669.75,17770.75,17506.25,17547.25,756158,18256.74,18106.35,16365.5,35.6,299.39,21.639999389648438
2024-04-19,17530.75,17553.25,17113.25,17180.75,1023135,18187.69,18093.13,16375.21,30.0,309.43,22.950000762939453
2024-04-22,17228.25,17448.0,17148.5,17350.0,646130,18126.45,18082.76,16386.06,35.1,308.72,21.110000610351562
2024-04-23,17352.25,17666.0,17286.25,17606.75,601826,18081.11,18074.12,16398.15,42.0,313.8,19.84000015258789
2024-04-24,17682.0,17795.5,17481.75,17664.5,667402,18041.89,18068.1,16410.18,43.4,313.79,20.43000030517578
2024-04-25,17450.0,17827.5,17308.25,17567.5,820011,17995.08,18065.92,16420.79,41.5,328.47,20.3700008392334
2024-04-26,17808.25,17901.5,17668.25,17845.75,628227,17963.61,18065.22,16431.46,48.4,328.87,19.329999923706055
2024-04-29,17864.75,17949.0,17791.25,17904.25,528891,17933.96,18065.04,16442.51,49.8,316.64,19.219999313354492
2024-04-30,17918.5,17920.25,17473.5,17571.25,677704,17896.03,18061.59,16451.16,42.9,325.94,18.43000030517578
2024-05-01,17462.5,17793.25,17399.25,17438.25,791170,17849.28,18058.21,16458.48,40.5,330.8,19.43000030517578
2024-05-02,17487.0,17755.25,17386.25,17649.75,635300,17827.92,18060.47,16466.93,45.7,333.53,18.729999542236328
2024-05-03,17744.25,18050.25,17719.5,18000.75,556949,17812.92,18059.53,16478.98,53.1,338.31,17.399999618530273
2024-05-06,18047.5,18201.25,17983.75,18195.5,395489,17807.95,18063.62,16492.25,56.6,329.68,17.420000076293945
2024-05-07,18189.5,18266.25,18151.0,18199.5,469722,17799.94,18068.08,16505.45,56.6,314.36,16.90999984741211
2024-05-08,18194.0,18242.25,18072.5,18186.5,453714,17799.42,18071.38,16518.01,56.3,304.03,16.799999237060547
2024-05-09,18160.75,18240.25,18103.75,18214.5,471196,17785.9,18077.37,16531.03,56.9,292.07,16.670000076293945
2024-05-10,18226.0,18348.0,18188.5,18255.0,473881,17789.69,18080.81,16544.45,57.7,282.6,16.459999084472656
2024-05-13,18238.0,18336.25,18228.75,18295.5,411036,17810.65,18079.96,16556.69,58.6,270.09,17.399999618530273
2024-05-14,18282.0,18433.0,18165.5,18415.0,555369,17837.34,18083.02,16569.48,61.2,269.91,17.290000915527344
2024-05-15,18409.75,18707.0,18393.0,18691.75,605869,17889.0,18098.25,16583.85,66.5,273.06,16.34000015258789
2024-05-16,18693.25,18760.75,18633.25,18650.0,548582,17944.14,18110.37,16599.74,65.1,262.66,16.260000228881836
2024-05-17,18642.0,18686.75,18545.0,18635.25,489227,18016.86,18116.74,16615.72,64.5,254.02,15.850000381469727
2024-05-20,18633.5,18794.5,18633.0,18763.0,470381,18087.51,18131.07,16632.76,67.0,247.41,15.920000076293945
2024-05-21,18746.0,18808.75,18678.0,18799.25,426117,18147.14,18147.63,16649.33,67.7,239.08,15.510000228881836
2024-05-22,18798.25,18891.0,18684.25,18786.75,578439,18203.25,18158.81,16666.5,67.2,236.77,16.399999618530273
2024-05-23,18860.5,19023.25,18621.5,18696.25,851576,18259.69,18171.17,16684.09,63.4,248.56,16.459999084472656
2024-05-24,18684.0,18926.0,18680.0,18876.0,552083,18311.2,18188.2,16702.46,67.4,248.37,15.65999984741211
2024-05-28,18874.75,18980.5,18819.5,18940.5,642954,18363.01,18209.92,16721.68,68.7,242.13,16.56999969482422
2024-05-29,18949.5,18949.75,18740.0,18802.75,573938,18424.59,18221.34,16739.35,62.8,239.82,17.489999771118164
2024-05-30,18753.0,18787.0,18546.25,18606.5,619548,18483.0,18228.07,16756.85,55.6,241.01,17.770000457763672
2024-05-31,18590.75,18668.25,18241.25,18591.0,834003,18530.06,18230.29,16775.09,55.0,254.3,16.700000762939453
2024-06-03,18590.25,18755.5,18435.75,18646.25,669104,18562.34,18231.99,16794.43,56.7,258.97,16.889999389648438
2024-06-04,18662.5,18753.25,18511.25,18701.0,616703,18587.61,18234.51,16814.22,58.3,257.76,16.860000610351562
2024-06-05,18711.0,19090.5,18696.25,19074.25,575227,18631.35,18245.72,16834.66,67.2,267.51,16.6299991607666
2024-06-06,19089.5,19124.5,19017.25,19060.25,524900,18675.04,18257.95,16855.17,66.6,256.06,16.43000030517578
2024-06-07,19064.0,19155.0,18940.0,19037.75,612033,18716.2,18268.63,16874.38,65.6,253.13,15.880000114440918
2024-06-10,19025.0,19129.75,18974.25,19109.75,571666,18758.94,18281.33,16895.62,67.3,246.15,16.0
2024-06-11,19107.25,19257.5,18994.5,19242.25,564706,18806.28,18296.22,16916.93,70.1,247.36,15.829999923706055
2024-06-12,19248.0,19612.25,19233.5,19496.5,691079,18860.35,18319.56,16938.95,74.6,256.74,13.59000015258789
2024-06-13,19602.0,19691.0,19500.0,19602.5,584725,18905.89,18344.14,16959.89,76.3,252.3,15.100000381469727
2024-06-14,19602.75,19699.5,19501.5,19685.5,584288,18957.66,18376.31,16980.81,77.5,248.42,16.049999237060547
2024-06-17,19695.0,20001.0,19640.5,19921.25,423232,19021.96,18408.72,17002.72,80.5,256.42,16.829999923706055
2024-06-18,19918.5,19996.5,19851.75,19919.25,201834,19079.78,18441.21,17024.74,80.4,248.45,16.700000762939453
2024-06-20,19930.25,20095.0,19694.25,19763.25,157046,19127.97,18469.28,17045.88,72.9,259.33,17.260000228881836
2024-06-21,19781.25,19819.25,19687.5,19747.2890625,590839,19176.0,18500.29,17067.62,72.1,250.21,16.950000762939453
2024-06-24,20014.75,20030.25,19728.0,19750.75,683900,19228.73,18525.61,17089.96,72.2,253.93,17.239999771118164
2024-06-25,19756.0,19981.25,19726.0,19972.25,574518,19283.54,18561.47,17113.33,76.1,254.03,16.700000762939453
2024-06-26,19973.0,20070.5,19901.0,20012.5,590175,19337.14,18604.19,17136.02,76.8,247.99,16.5
2024-06-27,19946.0,20116.75,19874.25,20039.5,589649,19398.98,18647.36,17159.69,77.2,247.6,16.290000915527344
2024-06-28,20063.25,20273.25,19906.25,19927.25,750324,19465.01,18692.73,17182.55,71.1,256.12,16.239999771118164
2024-07-01,19970.0,20074.0,19811.75,20052.0,639341,19538.06,18742.83,17205.42,73.6,256.56,16.079999923706055
2024-07-02,20045.75,20259.25,19910.0,20255.25,621477,19618.51,18804.32,17229.52,77.1,263.18,16.06999969482422
2024-07-03,20241.0,20435.25,20205.0,20411.5,395129,19704.04,18865.55,17254.5,79.3,260.83,16.280000686645508
2024-07-05,20419.25,20639.5,20361.0,20620.75,600207,19781.36,18925.83,17280.73,81.9,262.09,16.760000228881836
2024-07-08,20591.5,20688.0,20579.25,20659.75,497107,19861.34,18985.73,17308.27,82.3,251.14,17.030000686645508
2024-07-09,20681.0,20771.75,20615.75,20678.5,569689,19943.38,19047.95,17337.35,82.5,244.34,17.020000457763672
2024-07-10,20686.0,20916.75,20684.5,20899.75,576694,20032.88,19109.03,17367.5,84.9,243.91,17.280000686645508
2024-07-11,20895.5,20983.75,20377.25,20441.75,906128,20092.85,19159.78,17395.03,65.2,269.81,17.920000076293945
2024-07-12,20432.75,20741.0,20335.0,20524.0,724343,20144.23,19218.84,17424.08,66.7,279.54,17.260000228881836
2024-07-15,20580.0,20797.0,20506.25,20583.75,703410,20193.29,19281.75,17453.3,67.7,280.34,18.350000381469727
2024-07-16,20628.0,20684.5,20464.5,20598.0,629745,20238.91,19340.71,17481.99,68.0,276.03,18.350000381469727
2024-07-17,20591.0,20597.75,19965.75,19997.5,854323,20242.73,19380.65,17507.65,49.4,301.47,20.459999084472656
2024-07-18,20024.25,20162.5,19758.75,19899.25,964287,20241.73,19414.72,17532.22,47.1,308.78,21.260000228881836
2024-07-19,19955.0,19979.75,19654.0,19713.0,774109,20239.21,19444.99,17557.21,43.1,309.99,21.510000228881836
2024-07-22,19749.0,20044.75,19718.75,20001.0,657854,20251.9,19481.28,17582.6,50.2,311.54,19.969999313354492
2024-07-23,19982.0,20084.75,19868.25,19925.0,601990,20260.61,19515.49,17607.91,48.5,304.75,20.020000457763672
2024-07-24,19883.0,19883.0,19168.75,19203.25,846812,20222.16,19534.46,17628.37,35.9,337.0,23.059999465942383
2024-07-25,19260.0,19390.5,18883.25,18992.25,992015,20171.15,19548.39,17647.4,33.2,349.17,24.110000610351562
2024-07-26,19003.0,19297.75,18995.0,19174.5,694702,20127.9,19563.58,17666.92,37.6,346.05,22.40999984741211
2024-07-29,19171.75,19377.25,19113.25,19209.25,600017,20092.0,19573.93,17686.06,38.4,340.19,22.829999923706055
2024-07-30,19217.0,19319.75,18725.0,18936.25,745002,20036.21,19579.66,17704.17,34.5,358.37,23.940000534057617
2024-07-31,18865.75,19648.0,18861.75,19505.25,762246,19998.71,19597.06,17726.09,46.6,388.93,22.290000915527344
2024-08-01,19593.25,19717.0,18854.0,19023.25,920616,19929.3,19602.26,17744.76,39.9,422.79,24.709999084472656
2024-08-02,18956.5,18979.75,18385.75,18556.25,842228,19826.08,19597.4,17761.34,34.7,438.13,27.709999084472656
2024-08-05,18390.0,18390.0,17351.0,18013.25,937137,19693.75,19581.93,17776.28,29.8,492.92,35.099998474121094
2024-08-06,18165.75,18483.25,17966.0,18179.0,697089,19568.78,19571.59,17792.72,32.9,494.66,29.200000762939453
2024-08-07,18033.0,18558.5,17836.25,17966.5,725244,19422.11,19553.4,17809.24,31.0,510.92,29.020000457763672
2024-08-08,17873.0,18593.5,17741.75,18525.25,663957,19326.29,19545.09,17828.3,40.7,535.26,26.8799991607666
2024-08-09,18550.25,18674.5,18383.0,18616.0,501761,19230.89,19541.36,17847.15,42.1,517.85,24.940000534057617
2024-08-12,18590.0,18765.25,18515.0,18639.5,469892,19133.67,19542.02,17867.96,42.5,498.74,24.93000030517578
2024-08-13,18648.25,19122.5,18628.5,19104.25,497670,19058.99,19552.28,17892.51,49.6,498.4,23.260000228881836
2024-08-14,19099.25,19203.5,18925.5,19115.0,553997,19014.86,19561.66,17916.76,49.8,482.66,21.190000534057617
2024-08-15,19142.5,19603.25,19100.5,19581.25,522322,18998.96,19579.26,17942.58,56.1,484.09,20.280000686645508
2024-08-16,19570.25,19683.0,19447.5,19605.75,458933,18993.6,19589.89,17968.16,56.4,466.33,19.940000534057617
2024-08-19,19629.0,19871.75,19525.25,19857.75,429305,18986.44,19605.84,17993.72,59.5,457.78,19.93000030517578
2024-08-20,19857.75,19931.0,19743.0,19809.5,485435,18980.66,19621.28,18017.78,58.7,438.51,21.110000610351562
2024-08-21,19803.0,19981.75,19771.5,19909.5,479077,19015.97,19637.27,18041.44,60.0,422.2,21.219999313354492
2024-08-22,19921.25,20025.25,19542.0,19578.25,630179,19045.28,19643.99,18063.16,53.9,426.56,22.829999923706055
2024-08-23,19621.5,19904.25,19591.75,19790.75,581201,19076.09,19649.88,18085.25,56.9,419.38,21.110000610351562
2024-08-26,19787.75,19846.25,19505.5,19591.25,473540,19095.19,19649.65,18106.27,53.3,413.76,21.56999969482422
2024-08-27,19558.75,19694.25,19441.5,19653.75,441146,19131.06,19649.02,18128.26,54.3,402.26,20.90999984741211
2024-08-28,19635.5,19691.0,19227.25,19415.75,537278,19126.59,19638.91,18147.36,50.1,406.65,22.579999923706055
2024-08-29,19217.0,19693.5,19140.25,19393.25,669705,19145.09,19628.39,18166.59,49.7,417.13,20.579999923706055
2024-08-30,19445.75,19632.75,19370.5,19623.0,495609,19198.42,19625.58,18185.3,53.7,406.06,19.290000915527344
2024-09-03,19599.0,19683.0,18911.0,19006.5,698442,19248.09,19610.76,18200.89,43.6,432.2,23.59000015258789
2024-09-04,18993.75,19114.75,18825.75,18962.5,582116,19287.26,19595.0,18216.22,43.0,421.97,24.200000762939453
2024-09-05,18965.75,19150.5,18827.25,18963.5,585125,19337.11,19574.83,18231.55,43.0,414.92,23.540000915527344
2024-09-06,18921.0,18972.25,18339.75,18458.25,726350,19333.76,19543.74,18243.41,36.2,430.46,25.639999389648438
2024-09-09,18400.0,18734.5,18386.0,18692.25,726350,19337.58,19516.79,18256.92,40.9,424.61,23.920000076293945
2024-09-10,18727.0,18878.5,18582.25,18864.0,536220,19348.8,19495.53,18271.0,44.1,415.44,23.6200008392334
2024-09-11,18837.75,19293.5,18547.0,19271.0,729344,19357.14,19479.91,18287.04,51.0,439.09,22.15999984741211
2024-09-12,19241.5,19483.5,19185.0,19447.25,581032,19373.75,19463.75,18304.17,53.6,429.04,21.729999542236328
2024-09-13,19419.5,19577.25,19398.25,19530.25,467948,19371.2,19446.12,18321.78,54.9,411.18,21.280000686645508
2024-09-16,19498.0,19546.5,19299.25,19433.0,339781,19362.56,19422.37,18338.7,53.1,399.47,22.510000228881836
2024-09-17,19426.5,19615.5,19341.0,19439.25,254059,19341.64,19397.96,18355.78,53.2,390.55,22.690000534057617
2024-09-18,19451.0,19660.0,19331.0,19349.25,138848,19318.62,19371.38,18372.6,51.4,386.15,22.709999084472656
2024-09-19,19420.5,19966.25,19408.75,19850.25,134917,19315.66,19350.38,18391.73,59.6,402.64,21.09000015258789
2024-09-20,19831.25,19838.25,19746.5,19808.009765625,479646,19327.15,19337.71,18411.43,58.7,381.29,20.350000381469727
2024-09-23,20040.0,20164.0,19955.25,20080.0,394947,19341.61,19328.83,18432.28,62.6,379.48,19.540000915527344
2024-09-24,20063.25,20214.75,19953.0,20167.75,457126,19370.44,19320.51,18454.05,63.8,371.07,19.25
2024-09-25,20183.75,20271.0,20064.25,20192.0,405050,19397.35,19312.39,18474.81,64.1,359.34,19.06999969482422
2024-09-26,20242.0,20538.0,20188.0,20346.25,509755,19443.88,19319.37,18496.05,66.3,358.67,19.290000915527344
2024-09-27,20345.0,20395.75,20173.0,20221.5,435634,19485.29,19325.81,18515.97,63.0,348.96,20.040000915527344
2024-09-30,20198.5,20287.0,20056.0,20261.25,510434,19517.2,19336.78,18535.47,63.6,340.54,20.190000534057617
2024-10-01,20234.25,20331.75,19818.0,19975.0,662776,19565.63,19336.26,18552.52,56.2,352.91,21.670000076293945
2024-10-02,19975.25,20090.25,19833.5,20009.75,475599,19617.99,19337.95,18569.86,56.9,346.04,21.350000381469727
2024-10-03,20055.5,20113.75,19852.0,19990.25,526765,19669.33,19353.69,18587.16,56.4,340.02,22.479999542236328
2024-10-04,19965.5,20263.75,19941.5,20227.25,560070,19757.78,19378.39,18603.6,60.9,338.75,21.639999389648438
2024-10-07,20220.0,20267.25,19948.0,19992.75,450371,19822.8,19394.76,18618.45,54.8,337.36,24.34000015258789
2024-10-08,20025.75,20329.5,19902.5,20298.5,444750,19894.53,19416.54,18636.11,60.4,343.76,23.6200008392334
2024-10-09,20294.25,20482.75,20196.0,20463.5,421249,19954.15,19447.09,18653.65,63.1,339.69,23.420000076293945
2024-10-10,20445.25,20508.25,20301.5,20429.75,450569,20003.28,19465.58,18670.9,62.1,330.19,23.600000381469727
2024-10-11,20435.0,20494.25,20314.75,20450.0,385312,20049.26,19494.11,18687.73,62.5,319.43,23.290000915527344
2024-10-14,20432.5,20680.0,20383.25,20619.25,395756,20108.58,19535.37,18705.26,65.4,317.81,23.31999969482422
2024-10-15,20638.75,20659.25,20254.0,20342.0,522391,20153.71,19581.95,18721.52,57.6,324.05,24.540000915527344
2024-10-16,20334.5,20398.5,20206.25,20349.5,417571,20203.73,19625.36,18738.15,57.7,314.64,23.639999389648438
2024-10-17,20328.0,20594.75,20276.75,20368.0,535486,20229.61,19673.39,18756.39,58.1,314.88,22.850000381469727
2024-10-18,20384.0,20529.75,20320.75,20483.5,385566,20263.39,19712.55,18776.11,60.5,307.32,21.760000228881836
2024-10-21,20496.25,20554.5,20343.75,20519.5,456078,20285.36,19750.62,18796.49,61.3,300.42,21.959999084472656
2024-10-22,20536.5,20602.25,20360.25,20542.0,476324,20304.08,19788.67,18816.89,61.8,296.25,22.030000686645508
2024-10-23,20521.0,20542.5,20079.0,20220.5,619162,20305.5,19811.0,18833.98,51.7,308.19,22.920000076293945
2024-10-24,20294.25,20428.5,20261.75,20380.25,462552,20307.2,19836.3,18851.73,55.6,301.04,22.469999313354492
2024-10-25,20388.5,20707.25,20364.0,20498.75,585929,20321.06,19854.65,18869.5,58.2,304.05,23.239999771118164
2024-10-28,20525.5,20676.5,20486.0,20497.0,430120,20332.85,19872.48,18887.15,58.2,295.94,22.93000030517578
2024-10-29,20513.0,20760.25,20432.25,20696.5,498020,20368.92,19889.25,18905.79,62.6,298.23,22.440000534057617
2024-10-30,20734.0,20788.5,20472.5,20534.75,519409,20395.17,19903.76,18923.63,57.3,299.5,23.09000015258789
2024-10-31,20482.0,20495.75,20008.5,20021.75,686677,20396.75,19906.0,18939.39,44.5,315.7,24.860000610351562
2024-11-01,20071.0,20288.0,20017.0,20153.25,554025,20393.05,19917.5,18954.6,47.7,312.5,23.739999771118164
2024-11-04,20138.0,20248.5,20013.0,20086.0,520521,20397.71,19923.41,18967.84,46.3,307.0,23.8799991607666
2024-11-05,20130.75,20385.5,20041.75,20341.75,450115,20399.88,19938.42,18982.26,52.3,309.63,22.5
2024-11-06,20360.5,20935.25,20323.5,20894.0,632408,20421.4,19963.22,18999.07,62.2,331.21,18.860000610351562
2024-11-07,20923.5,21253.0,20861.5,21224.75,462805,20461.15,19999.4,19017.09,66.7,335.52,18.350000381469727
2024-11-08,21224.25,21265.0,21121.75,21231.25,401943,20500.21,20036.16,19035.07,66.8,321.78,17.8799991607666
2024-11-11,21249.75,21340.75,21098.25,21217.75,456006,20530.14,20068.06,19053.53,66.4,316.12,18.3700008392334
2024-11-12,21221.0,21251.75,21054.75,21189.5,511372,20572.51,20111.72,19070.94,65.6,307.61,18.1200008392334
2024-11-13,21178.0,21268.5,21056.5,21159.5,533739,20613.01,20155.66,19088.8,64.7,300.78,17.5
2024-11-14,21167.0,21190.25,20950.5,21011.75,561950,20645.2,20196.62,19107.65,60.2,296.42,17.700000762939453
2024-11-15,20977.5,20981.5,20405.25,20493.75,691851,20645.71,20237.33,19122.93,47.8,318.57,19.829999923706055
2024-11-18,20504.0,20724.25,20476.0,20633.5,525474,20651.41,20276.16,19137.44,50.8,313.55,19.770000457763672
2024-11-19,20633.25,20792.5,20382.5,20767.75,553617,20662.7,20314.23,19152.77,53.5,320.44,19.989999771118164
2024-11-20,20762.25,20843.25,20477.0,20749.0,619493,20689.12,20343.79,19168.22,53.0,323.71,20.850000381469727
2024-11-21,20738.0,20905.75,20514.25,20829.5,698342,20711.59,20371.44,19183.16,54.8,328.55,20.209999084472656
2024-11-22,20794.0,20880.0,20693.25,20849.75,541554,20729.14,20397.83,19198.07,55.2,318.42,18.56999969482422
2024-11-25,20935.0,21081.0,20780.25,20880.25,544568,20748.3,20426.77,19212.27,55.9,317.16,17.59000015258789
2024-11-26,20906.25,21024.75,20755.0,20993.5,505254,20763.15,20457.86,19227.41,58.5,313.77,16.799999237060547
2024-11-27,20990.75,21019.0,20675.0,20813.0,520026,20777.06,20487.13,19243.09,53.1,315.93,16.68000030517578
2024-11-29,20813.0,21017.5,20805.5,20993.5,339955,20825.65,20510.0,19258.66,57.4,308.51,16.06999969482422
2024-12-02,20995.25,21259.75,20940.0,21218.0,475464,20878.89,20538.19,19275.18,61.9,309.31,16.1200008392334
2024-12-03,21220.0,21329.0,21134.25,21281.5,444143,20938.66,20562.22,19292.87,63.2,301.13,15.760000228881836
2024-12-04,21323.0,21548.5,21305.75,21536.5,461922,20998.4,20589.6,19312.52,67.6,298.69,15.6899995803833
2024-12-05,21513.25,21567.25,21437.5,21473.25,421035,21027.36,20615.22,19332.2,65.5,286.62,15.6899995803833
2024-12-06,21450.0,21669.25,21424.75,21656.75,459878,21048.96,20641.44,19350.25,68.6,283.62,15.149999618530273
2024-12-09,21649.0,21706.25,21436.0,21483.75,517123,21061.59,20666.68,19367.71,62.9,282.66,16.549999237060547
2024-12-10,21479.25,21606.75,21352.75,21405.25,544406,21070.96,20689.56,19384.85,60.4,280.61,16.540000915527344
2024-12-11,21436.0,21820.0,21405.75,21793.5,547213,21101.16,20725.93,19403.71,67.2,290.19,15.880000114440918
2024-12-12,21756.75,21772.5,21604.25,21651.25,510307,21125.75,20758.76,19422.39,63.0,282.98,16.360000610351562
2024-12-13,21720.75,21908.0,21666.5,21795.75,639403,21164.95,20794.87,19440.96,65.4,281.11,16.610000610351562
2024-12-16,21780.25,22152.5,21762.0,22110.25,482433,21245.78,20832.53,19459.82,69.9,288.92,18.440000534057617
2024-12-17,22115.0,22124.5,21942.25,22014.75,277298,21314.84,20872.97,19478.58,67.0,281.3,19.440000534057617
2024-12-18,22010.0,22083.75,21034.25,21218.75,209588,21337.39,20891.38,19495.02,48.9,336.18,27.6299991607666
2024-12-19,21218.5,21424.25,21080.0,21112.75,124728,21355.58,20904.36,19510.37,47.1,336.75,26.329999923706055
2024-12-20,21151.5,21151.5,20745.0,20947.98046875,864714,21361.5,20914.72,19523.53,44.3,341.73,21.489999771118164
2024-12-23,21566.0,21776.75,21476.75,21753.25,508598,21406.67,20940.79,19542.06,57.5,376.52,19.030000686645508
2024-12-24,21743.25,22049.75,21709.0,22028.5,261201,21464.09,20968.97,19562.35,60.9,373.97,17.030000686645508
2024-12-26,22049.5,22111.25,21870.25,22008.0,407116,21514.81,21002.29,19581.25,60.5,364.47,17.530000686645508
2024-12-27,21990.75,22008.0,21498.75,21698.5,572604,21559.09,21029.27,19599.35,54.8,374.81,18.540000915527344
2024-12-30,21711.0,21742.75,21253.0,21416.25,530975,21580.22,21050.24,19616.31,50.2,383.02,19.790000915527344
2024-12-31,21390.25,21524.75,21182.0,21226.5,477280,21580.65,21065.1,19633.16,47.3,380.14,19.920000076293945
2025-01-02,21269.0,21490.5,20983.75,21167.5,664742,21574.95,21078.06,19647.84,46.4,389.19,20.5
2025-01-03,21186.75,21559.25,21144.0,21516.5,488243,21573.95,21097.55,19664.08,52.2,391.05,19.1200008392334
2025-01-06,21532.25,21896.75,21478.25,21744.5,574300,21587.51,21128.03,19680.4,55.5,393.01,19.0
2025-01-07,21781.25,21806.0,21279.5,21359.75,645144,21572.66,21147.62,19694.39,49.2,402.55,20.729999542236328
2025-01-08,21380.75,21448.25,21166.25,21360.75,637114,21566.51,21164.86,19708.32,49.2,393.93,20.690000534057617
2025-01-09,21334.75,21347.25,21218.0,21301.5,77170,21561.32,21180.95,19722.26,48.3,375.99,
2025-01-10,21302.75,21372.5,20874.75,21016.0,703964,21522.45,21187.34,19735.1,43.7,384.69,21.729999542236328
2025-01-13,21027.5,21037.0,20694.0,20947.25,617059,21487.25,21195.59,19747.31,42.7,381.71,21.799999237060547
2025-01-14,21020.0,21143.75,20773.5,20919.5,676188,21443.44,21213.54,19759.54,42.3,380.89,21.450000762939453
2025-01-15,20977.0,21452.75,20909.0,21400.25,551806,21407.94,21238.48,19774.05,51.5,392.53,19.290000915527344
2025-01-16,21389.0,21567.25,21172.25,21249.75,598631,21369.69,21261.76,19788.65,48.9,392.7,19.610000610351562
2025-01-17,21227.5,21682.5,21209.25,21594.75,594110,21388.49,21286.82,19804.76,54.6,398.46,18.959999084472656
2025-01-21,21600.0,21783.5,21377.75,21709.5,662316,21418.32,21303.13,19822.92,56.3,398.98,18.639999389648438
2025-01-22,21809.25,22093.5,21768.25,22000.5,508606,21470.95,21318.64,19841.42,60.5,397.91,18.68000030517578
2025-01-23,21981.75,22050.5,21855.5,22038.25,476286,21485.2,21334.78,19860.14,61.0,383.41,18.3799991607666
2025-01-24,22018.5,22078.25,21844.0,21911.25,522901,21479.34,21348.65,19877.89,58.2,372.76,18.219999313354492
2025-01-27,21771.0,21771.0,20763.75,21258.5,1056136,21441.86,21350.03,19893.2,46.5,428.1,21.610000610351562
2025-01-28,21343.25,21626.0,21159.5,21581.75,663336,21436.03,21358.48,19908.69,51.7,430.84,20.309999465942383
2025-01-29,21559.0,21697.0,21367.0,21523.25,629631,21441.38,21368.71,19925.41,50.8,423.64,20.600000381469727
2025-01-30,21547.75,21748.75,21419.5,21624.75,618073,21461.29,21391.33,19944.15,52.4,416.9,19.799999237060547
2025-01-31,21680.0,21966.0,21533.75,21589.25,655811,21482.38,21410.44,19962.69,51.8,417.99,20.110000610351562
2025-02-03,21200.0,21579.75,20943.0,21405.0,728140,21476.8,21423.19,19981.42,48.4,434.3,21.280000686645508
2025-02-04,21592.0,21694.0,21242.5,21670.25,497143,21473.09,21441.61,20002.04,53.1,435.53,20.030000686645508
2025-02-05,21562.0,21795.0,21429.75,21763.0,497655,21493.25,21460.28,20024.95,54.7,430.51,19.18000030517578
2025-02-06,21764.5,21882.25,21705.75,21871.75,438729,21518.8,21480.72,20047.56,56.5,412.36,18.579999923706055
2025-02-07,21817.75,21968.0,21552.75,21590.75,598869,21533.26,21494.93,20067.48,50.8,412.57,19.18000030517578
2025-02-10,21463.25,21894.0,21418.0,21846.5,391625,21574.79,21511.99,20088.39,55.2,417.1,18.84000015258789
2025-02-11,21832.0,21871.5,21669.5,21786.75,423200,21616.76,21531.47,20109.48,54.0,401.74,18.770000457763672
2025-02-12,21794.25,21862.5,21510.75,21804.75,545408,21661.03,21547.69,20129.28,54.3,398.17,18.690000534057617
2025-02-13,21861.25,22124.0,21753.0,22113.25,536739,21696.67,21565.6,20150.32,59.7,396.22,18.40999984741211
2025-02-14,22071.0,22225.0,22042.5,22196.25,433212,21744.0,21583.89,20173.45,61.0,380.96,18.030000686645508
2025-02-18,22235.75,22319.75,22102.75,22232.25,567203,21775.88,21597.81,20197.42,61.6,369.25,19.229999542236328
2025-02-19,22224.5,22299.75,22118.0,22250.5,496442,21802.92,21613.35,20220.42,61.9,355.85,19.0
2025-02-20,22213.0,22235.5,21951.0,22141.75,563585,21809.99,21623.05,20241.13,58.8,351.83,18.899999618530273
2025-02-21,22136.0,22245.5,21652.75,21679.25,708349,21792.04,21626.96,20258.54,47.9,369.04,20.959999084472656
2025-02-24,21700.75,21813.0,21407.5,21420.25,670634,21767.49,21627.26,20274.65,43.1,371.64,21.459999084472656
2025-02-25,21442.5,21453.75,20990.0,21149.0,805678,21762.01,21614.37,20289.46,38.7,378.22,21.979999542236328
2025-02-26,21230.5,21409.25,21055.0,21187.0,646236,21742.28,21605.09,20304.32,39.6,376.51,21.940000534057617
2025-02-27,21249.0,21386.5,20583.25,20605.75,854180,21696.4,21581.29,20316.08,31.7,406.99,24.09000015258789
2025-02-28,20649.5,20944.25,20460.5,20919.5,845890,21661.14,21557.47,20329.2,38.8,412.47,22.65999984741211
2025-03-03,21005.25,21121.0,20316.75,20468.25,833041,21605.09,21526.54,20339.46,33.5,440.46,24.959999084472656
2025-03-04,20527.0,20732.5,20075.25,20399.0,958071,21554.79,21510.15,20348.0,32.7,455.94,25.219999313354492
2025-03-05,20555.0,20725.0,20215.0,20665.0,783638,21504.53,21501.19,20358.07,38.4,459.8,24.260000228881836
2025-03-06,20605.25,20647.5,20003.0,20089.25,763150,21420.84,21484.02,20365.34,32.1,474.25,26.229999542236328
2025-03-07,20214.5,20286.25,19765.5,20229.75,763257,21338.74,21453.55,20372.68,34.9,477.57,25.549999237060547
2025-03-10,20147.0,20156.5,19272.25,19452.75,798366,21231.84,21402.03,20375.95,28.0,511.85,28.84000015258789
2025-03-11,19440.0,19686.75,19139.25,19399.0,857876,21109.46,21349.85,20379.01,27.6,514.4,28.700000762939453
2025-03-12,19412.75,19788.75,19387.0,19618.5,702688,21001.05,21308.26,20383.62,31.9,506.35,26.81999969482422
2025-03-13,19572.0,19694.0,19170.0,19249.0,761160,20873.26,21264.91,20385.48,28.8,507.61,27.579999923706055
2025-03-14,19312.75,19742.5,19296.75,19712.0,742663,20753.2,21234.62,20389.34,37.1,506.6,25.790000915527344
2025-03-17,19668.25,19959.25,19550.5,19831.75,584953,20634.97,21207.9,20394.49,39.1,499.61,25.040000915527344
2025-03-18,19821.0,19858.0,19397.75,19496.75,360195,20498.2,21167.51,20398.94,35.7,496.8,25.850000381469727
2025-03-19,19496.75,19935.0,19455.5,19746.75,210518,20373.01,21127.56,20404.72,39.9,495.57,23.6200008392334
2025-03-20,19746.75,19898.75,19530.25,19678.5,116159,20249.85,21093.93,20409.88,39.2,486.49,23.3799991607666
2025-03-21,19690.75,19728.75,19408.0,19450.810546875,605235,20138.43,21055.73,20413.63,36.7,474.65,22.920000076293945
2025-03-24,20050.5,20409.5,20050.5,20374.25,555043,20086.13,21037.19,20420.13,50.4,509.22,21.270000457763672
2025-03-25,20353.0,20524.75,20293.0,20488.5,470886,20053.1,21026.64,20427.27,51.8,489.41,20.56999969482422
2025-03-26,20511.5,20536.75,20045.0,20116.5,620685,19999.58,21010.02,20432.66,47.2,489.57,22.040000915527344
2025-03-27,20046.0,20199.5,19937.25,19990.25,634738,19968.8,20991.44,20437.06,45.7,473.34,22.40999984741211
2025-03-28,19995.25,20011.75,19357.5,19457.0,696397,19895.68,20952.57,20438.14,39.9,486.26,25.059999465942383
2025-03-31,19319.75,19489.75,18976.75,19439.5,842547,19844.24,20916.37,20437.85,39.7,488.17,25.3700008392334
2025-04-01,19411.25,19644.0,19261.25,19604.5,790964,19804.52,20876.56,20437.86,42.3,480.64,24.799999237060547
2025-04-02,19600.5,20044.25,19076.75,19758.0,835319,19759.17,20837.53,20438.22,44.7,515.41,23.649999618530273
2025-04-03,19020.0,19177.0,18614.0,18675.5,893793,19688.48,20771.03,20432.0,34.0,560.31,30.56999969482422
2025-04-04,18660.0,18713.0,17387.5,17539.0,1199851,19553.94,20681.05,20420.09,26.8,614.97,37.650001525878906
2025-04-07,17100.0,18361.5,16460.0,17563.25,1140389,19459.47,20594.09,20409.09,27.1,706.86,38.63999938964844
2025-04-08,17665.0,18357.25,16973.5,17243.75,956641,19351.7,20513.79,20396.58,25.4,755.21,39.560001373291016
2025-04-09,17220.25,19386.75,16735.0,19288.75,1086917,19335.22,20467.93,20394.27,48.4,890.68,34.79999923706055
2025-04-10,19266.75,19383.5,17919.0,18484.5,975104,19296.99,20407.16,20386.83,42.8,931.67,43.25
2025-04-11,18464.75,18873.5,18067.0,18807.5,667630,19251.77,20350.81,20380.8,45.5,922.73,39.95000076293945
2025-04-14,19225.0,19256.0,18737.5,18934.75,570510,19206.92,20297.72,20375.28,46.6,893.85,34.33000183105469
2025-04-15,18902.5,19144.75,18809.0,18960.25,525790,19180.09,20248.83,20370.44,46.8,853.99,32.709999084472656
2025-04-16,18790.0,18861.25,18116.25,18385.25,683175,19112.02,20183.13,20362.11,42.4,853.28,35.380001068115234
2025-04-17,18391.25,18652.75,18261.5,18380.75,629368,19047.13,20115.48,20352.74,42.4,820.27,32.83000183105469
2025-04-21,18306.25,18383.5,17700.0,17922.25,484750,18970.7,20036.49,20340.29,39.0,810.5,36.869998931884766
2025-04-22,17914.0,18514.0,17863.75,18385.0,619146,18871.24,19972.38,20329.11,43.9,799.06,33.97999954223633
2025-04-23,18646.0,19165.5,18623.75,18804.0,733977,18787.01,19911.53,20319.83,47.9,797.73,31.829999923706055
2025-04-24,18826.5,19418.0,18594.75,19322.0,599457,18747.29,19862.23,20313.05,52.5,799.55,29.959999084472656
2025-04-25,19405.0,19589.0,19216.25,19535.25,587589,18724.54,19816.84,20306.23,54.3,769.07,28.3700008392334
2025-04-28,19524.5,19623.0,19257.25,19528.0,514474,18728.09,19765.14,20301.66,54.2,740.26,28.540000915527344
2025-04-29,19478.25,19688.5,19378.0,19642.0,565539,18738.21,19714.05,20297.25,55.2,709.56,27.600000381469727
2025-04-30,19599.75,19880.0,19103.75,19658.5,713642,18740.91,19662.58,20292.62,55.4,714.33,27.799999237060547
2025-05-01,19834.0,20125.75,19757.25,19870.75,588901,18746.55,19614.98,20288.99,57.4,696.68,27.690000534057617
2025-05-02,19782.5,20276.75,19749.5,20195.25,517806,18822.54,19576.05,20289.98,60.5,684.58,25.729999542236328
2025-05-05,20181.5,20201.75,19966.0,20055.5,418875,18948.36,19543.58,20290.76,58.5,652.52,26.540000915527344
2025-05-06,20014.25,20036.75,19739.0,19876.5,514526,19064.03,19512.7,20291.58,56.1,628.52,27.110000610351562
2025-05-07,19809.0,20133.75,19678.75,19961.0,597360,19199.89,19488.94,20291.38,57.0,616.12,26.489999771118164
2025-05-08,19934.5,20337.25,19910.75,20148.0,567597,19242.85,19468.16,20292.49,59.0,602.58,25.969999313354492
2025-05-09,20157.0,20288.75,20058.0,20136.75,453686,19325.46,19458.78,20297.16,58.9,576.02,25.5
2025-05-12,20398.5,20996.0,20376.75,20948.75,638564,19432.53,19459.37,20306.94,66.8,596.25,22.280000686645508
2025-05-13,20954.75,21346.5,20818.0,21278.0,526706,19549.69,19475.56,20317.46,69.4,591.41,22.280000686645508
2025-05-14,21250.0,21419.5,21238.25,21392.5,513593,19671.3,19495.43,20328.37,70.2,562.11,22.65999984741211
2025-05-15,21379.75,21529.75,21192.0,21400.25,542990,19822.05,19510.14,20340.69,70.3,546.09,21.889999389648438
2025-05-16,21396.0,21512.0,21320.25,21506.0,419242,19978.31,19538.47,20350.7,71.2,520.78,21.200000762939453
2025-05-19,21310.75,21544.5,21112.5,21527.0,520282,20158.55,19564.42,20363.22,71.3,514.44,21.950000762939453
2025-05-20,21513.0,21562.25,21298.0,21447.25,437865,20311.66,19604.31,20377.67,69.6,496.57,22.06999969482422
2025-05-21,21414.75,21558.5,21072.75,21156.75,605668,20429.3,19639.46,20393.39,63.4,495.79,24.200000762939453
2025-05-22,21145.0,21337.5,21040.0,21178.25,512634,20522.11,19670.66,20408.39,63.6,481.63,23.6299991607666
2025-05-23,21223.75,21236.0,20727.0,20975.0,528055,20594.1,19705.18,20423.43,59.4,483.58,25.290000915527344
2025-05-27,20978.0,21488.5,20954.25,21460.5,531358,20690.72,19740.15,20438.1,65.3,487.2,22.31999969482422
2025-05-28,21480.0,21567.5,21321.25,21379.75,421653,20777.61,19771.11,20451.92,63.7,469.99,22.760000228881836
2025-05-29,21513.0,21858.75,21301.0,21408.5,563888,20865.11,19809.34,20465.77,64.0,476.26,21.799999237060547
2025-05-30,21371.25,21433.5,21071.5,21376.75,551092,20940.41,19841.94,20477.13,63.3,468.1,20.8700008392334
2025-06-02,21303.75,21576.25,21163.0,21534.5,434593,21007.38,19879.06,20489.23,65.4,464.18,19.43000030517578
2025-06-03,21555.0,21759.75,21399.25,21706.0,427859,21089.9,19924.17,20499.85,67.6,456.78,18.739999771118164
2025-06-04,21688.25,21803.0,21641.0,21766.5,403012,21184.4,19952.01,20510.66,68.4,435.72,19.010000228881836
2025-06-05,21744.75,21935.0,21503.5,21582.25,0,21265.46,19973.88,20519.28,63.5,435.42,21.479999542236328
2025-06-06,21471.0,21873.5,21471.0,21789.5,466591,21347.54,20007.35,20529.18,66.4,433.07,19.809999465942383
2025-06-09,21799.25,21890.75,21716.0,21821.5,354827,21431.78,20043.97,20538.74,66.8,414.62,20.170000076293945
2025-06-10,21824.0,21992.25,21732.0,21962.5,439539,21482.46,20094.08,20550.66,68.8,403.59,19.81999969482422
2025-06-11,21945.75,22106.0,21790.75,21887.5,523556,21512.94,20143.04,20561.14,66.5,397.28,20.3799991607666
2025-06-12,21871.0,21977.25,21713.25,21932.5,397839,21539.94,20189.6,20572.85,67.2,387.76,20.690000534057617
2025-06-13,21909.0,21915.75,21471.0,21644.25,556189,21552.14,20227.33,20582.8,58.9,393.03,22.40999984741211
2025-06-16,21554.0,21999.5,21501.75,21941.5,336301,21573.91,20292.65,20595.43,63.9,400.51,21.09000015258789
2025-06-17,21950.0,21952.0,21685.0,21730.5,173026,21584.09,20376.47,20607.12,58.5,390.97,23.309999465942383
2025-06-18,21705.0,21872.5,21640.5,21720.25,0,21597.74,20459.62,20617.6,58.2,379.62,22.139999389648438
2025-06-20,21731.0,21896.5,21435.5,21889.890625,649884,21634.39,20552.54,20632.02,61.3,385.43,22.229999542236328
2025-06-23,21648.25,22093.0,21566.75,22073.5,549766,21679.16,20608.23,20647.57,64.3,395.49,21.149999618530273
2025-06-24,22079.0,22448.25,22065.75,22412.75,447975,21751.04,20686.8,20664.82,69.1,394.56,19.459999084472656
2025-06-25,22412.0,22548.25,22384.5,22461.0,397611,21801.07,20759.87,20684.83,69.7,378.07,19.0
2025-06-26,22461.25,22694.0,22437.75,22669.25,422397,21865.54,20834.56,20704.72,72.3,369.37,18.989999771118164
2025-06-27,22676.25,22825.5,22600.0,22751.5,487835,21932.69,20910.38,20724.16,73.3,359.1,18.889999389648438
2025-06-30,22751.5,22934.75,22751.5,22893.25,434250,22008.52,21000.54,20742.27,74.9,346.54,19.559999465942383
2025-07-01,22867.5,22914.75,22594.5,22692.75,495079,22066.43,21086.78,20758.5,68.5,344.66,19.8799991607666
2025-07-02,22694.5,22858.75,22582.0,22843.0,408882,22123.28,21185.2,20775.06,70.6,339.81,19.739999771118164
2025-07-03,22845.0,23102.5,22827.0,23062.5,0,22188.08,21278.75,20793.21,73.3,335.21,19.469999313354492
2025-07-04,23059.25,23062.5,22882.0,22906.75,0,22254.31,21360.8,20810.54,68.4,324.16,
2025-07-07,22970.0,23028.5,22779.75,22884.75,537930,22309.07,21432.06,20828.22,67.8,318.78,20.68000030517578
2025-07-08,22837.75,22972.75,22808.5,22896.75,420913,22362.83,21499.29,20843.45,68.0,307.74,19.530000686645508
2025-07-09,22906.5,23112.0,22843.5,23052.75,450523,22417.34,21569.78,20859.68,70.4,304.94,18.709999084472656
2025-07-10,23041.0,23090.0,22901.25,23013.25,391782,22473.63,21637.21,20874.34,68.9,296.64,18.760000228881836
2025-07-11,23011.75,23048.75,22831.5,22959.0,461057,22524.96,21703.22,20888.3,67.0,290.97,19.040000915527344
2025-07-14,22860.75,23066.5,22803.0,23035.5,414465,22594.52,21766.51,20902.52,68.3,289.0,19.780000686645508
2025-07-15,23034.25,23222.75,22996.0,23056.75,524056,22650.28,21823.74,20916.07,68.7,284.56,19.739999771118164
2025-07-16,23018.75,23100.0,22835.5,23076.5,548602,22717.58,21884.16,20930.35,69.1,283.12,19.540000915527344
2025-07-17,23065.5,23279.75,23017.0,23251.0,445290,22794.12,21951.65,20945.29,72.3,281.67,18.670000076293945
2025-07-18,23261.25,23320.75,23169.5,23224.25,450704,22860.84,22016.92,20961.54,71.1,272.35,18.610000610351562
2025-07-21,23232.5,23424.75,23203.75,23342.0,398833,22924.26,22080.8,20978.2,73.3,268.69,18.709999084472656
2025-07-22,23339.5,23367.0,23108.0,23226.25,537829,22964.94,22142.59,20994.38,67.9,267.99,18.950000762939453
2025-07-23,23191.25,23418.0,23146.75,23310.75,512963,23007.42,22189.83,21009.8,69.7,268.23,17.940000534057617
2025-07-24,23402.25,23424.5,23298.25,23377.5,435559,23042.84,22231.82,21026.72,71.0,258.09,17.719999313354492
2025-07-25,23391.5,23476.0,23330.75,23421.25,395469,23076.33,22272.39,21042.34,71.9,250.03,17.15999984741211
2025-07-28,23520.0,23585.25,23436.75,23491.25,424393,23106.22,22314.21,21057.48,73.3,243.88,17.270000457763672
2025-07-29,23504.25,23652.5,23421.25,23452.0,538169,23144.19,22353.13,21072.59,71.1,242.98,18.209999084472656
2025-07-30,23452.0,23689.0,23356.5,23480.5,538732,23176.06,22392.2,21087.74,71.8,249.37,17.31999969482422
2025-07-31,23705.0,23845.0,23290.5,23365.0,739642,23191.19,22430.56,21101.47,65.5,271.17,19.229999542236328
2025-08-01,23308.5,23347.5,22775.0,22883.75,803558,23190.04,22465.1,21114.18,46.9,293.94,21.540000915527344
2025-08-04,22850.0,23352.5,22821.75,23296.5,472671,23210.62,22507.46,21128.91,57.9,310.86,19.239999771118164
2025-08-05,23354.0,23404.25,23084.5,23132.0,542676,23222.39,22550.6,21142.73,53.2,311.49,19.8700008392334
2025-08-06,23091.75,23445.25,23045.5,23422.75,527514,23240.89,22589.85,21157.43,59.5,317.8,18.770000457763672
2025-08-07,23418.5,23671.0,23329.0,23496.25,561716,23265.04,22632.18,21172.31,60.9,319.52,18.81999969482422
2025-08-08,23518.25,23767.75,23503.0,23713.75,454190,23302.78,22678.28,21188.17,64.9,316.09,17.290000915527344
2025-08-11,23764.0,23804.5,23587.5,23637.5,443981,23332.88,22723.5,21205.26,62.5,309.02,18.170000076293945
2025-08-12,23635.0,23953.5,23596.0,23938.0,488577,23376.94,22771.57,21223.04,67.6,312.48,16.84000015258789
2025-08-13,23945.0,24068.5,23886.0,23946.5,453506,23420.44,22816.38,21240.28,67.7,303.2,16.729999542236328
2025-08-14,23927.75,24007.75,23793.25,23930.5,492051,23454.41,22859.66,21257.45,67.1,296.86,17.079999923706055
2025-08-15,23888.75,23963.0,23734.5,23804.0,441888,23483.4,22904.09,21272.99,62.7,291.98,17.5
2025-08-18,23795.0,23881.75,23719.0,23797.75,399622,23506.19,22944.26,21289.3,62.5,282.75,17.75
2025-08-19,23800.75,23838.0,23426.0,23469.5,557582,23518.35,22977.22,21306.54,52.2,291.98,19.389999389648438
2025-08-20,23461.0,23485.5,23035.0,23324.0,713574,23519.01,23004.45,21322.4,48.4,303.3,20.0
2025-08-21,23323.0,23369.25,23119.0,23219.75,525924,23511.12,23031.09,21338.06,45.9,299.51,20.549999237060547
2025-08-22,23225.25,23650.0,23076.75,23569.75,490867,23518.55,23063.84,21354.2,54.6,319.07,18.059999465942383
2025-08-25,23602.0,23616.25,23443.25,23498.25,399485,23518.9,23100.92,21367.23,52.7,308.63,18.420000076293945
2025-08-26,23505.75,23611.0,23371.5,23591.5,443746,23525.88,23133.92,21379.06,54.9,303.69,18.190000534057617
2025-08-27,23604.0,23689.0,23434.75,23628.75,436560,23533.29,23171.88,21391.05,55.8,300.16,18.690000534057617
2025-08-28,23542.25,23803.75,23487.5,23769.0,486265,23553.49,23212.86,21403.8,59.0,301.31,17.6200008392334
2025-08-29,23760.5,23762.0,23397.5,23461.75,0,23582.39,23244.29,21415.16,50.3,306.32,19.110000610351562
2025-09-02,23479.0,23552.5,23025.25,23275.0,744115,23581.31,23268.33,21425.74,45.9,322.11,20.360000610351562
2025-09-03,23382.0,23525.25,23298.25,23448.75,563651,23597.15,23289.04,21437.93,50.3,316.97,19.690000534057617
2025-09-04,23456.75,23708.75,23410.0,23668.0,484986,23609.41,23313.19,21453.8,55.2,315.67,18.790000915527344
2025-09-05,23700.0,23902.0,23505.0,23684.0,674088,23618.8,23333.48,21469.05,55.5,321.48,18.440000534057617
2025-09-08,23673.5,23888.0,23650.25,23799.75,457632,23623.1,23354.44,21484.21,58.1,315.5,18.350000381469727
2025-09-09,23799.0,23921.25,23726.0,23874.0,473187,23634.92,23374.06,21499.84,59.6,306.91,18.219999313354492
2025-09-10,23898.5,24044.25,23785.0,23877.75,521709,23631.91,23397.76,21515.08,59.7,303.51,18.6200008392334
2025-09-11,23853.75,24046.0,23838.0,24017.75,445071,23635.47,23421.26,21530.92,62.8,296.68,18.229999542236328
2025-09-12,24028.25,24159.0,23969.0,24113.25,425565,23644.61,23442.27,21547.08,64.7,289.06,18.18000030517578
2025-09-15,24115.25,24315.5,24076.0,24309.25,366064,23669.88,23470.32,21563.66,68.4,285.52,19.1200008392334
2025-09-16,24290.0,24403.5,24258.25,24284.0,211077,23694.19,23498.31,21581.02,67.5,275.5,19.56999969482422
2025-09-17,24290.0,24312.5,24003.75,24222.5,171533,23731.84,23524.82,21597.16,65.0,277.88,19.020000457763672
2025-09-18,24250.25,24569.5,24248.5,24460.25,106669,23788.65,23552.97,21613.37,69.6,282.82,18.860000610351562
2025-09-19,24468.25,24575.0,24412.5,24568.0703125,505600,23856.07,23584.07,21629.81,71.4,274.22,18.739999771118164
2025-09-22,24850.0,25027.25,24748.75,25003.0,481197,23927.73,23624.95,21647.14,77.3,287.43,19.420000076293945
2025-09-23,24995.0,25026.0,24780.5,24827.25,564182,23994.18,23660.78,21663.91,70.9,284.44,20.1299991607666
2025-09-24,24839.5,24913.5,24627.0,24739.25,530441,24051.57,23694.43,21679.32,67.9,284.59,19.93000030517578
2025-09-25,24746.0,24793.5,24422.5,24629.25,710112,24101.59,23725.49,21695.05,64.2,290.76,20.540000915527344
2025-09-26,24642.5,24747.5,24520.0,24726.75,548790,24149.48,23755.0,21711.66,66.0,286.24,19.329999923706055
2025-09-29,24726.5,24975.5,24721.75,24837.75,508361,24218.28,23787.27,21726.88,67.9,283.92,19.8700008392334
2025-09-30,24817.75,24913.75,24722.25,24901.75,513254,24299.62,23818.47,21743.13,69.0,277.32,20.0
2025-10-01,24843.0,25036.75,24633.25,25017.5,474674,24378.05,23854.29,21759.24,71.0,286.33,19.8700008392334
2025-10-02,25009.25,25180.0,24993.75,25110.0,460294,24450.15,23890.28,21774.24,72.4,279.18,20.010000228881836
2025-10-03,25101.5,25196.5,24923.25,24992.0,490721,24515.55,23922.57,21789.12,67.7,278.76,20.079999923706055
2025-10-06,25000.0,25252.75,24995.0,25184.75,414908,24584.8,23957.84,21808.95,71.0,277.47,20.399999618530273
2025-10-07,25184.5,25275.0,24984.75,25039.25,539431,24643.07,23988.8,21828.59,65.5,278.38,20.81999969482422
2025-10-08,25059.75,25364.75,25026.25,25331.0,451309,24715.73,24026.38,21850.5,70.5,282.68,20.020000457763672
2025-10-09,25351.5,25394.0,25160.75,25289.25,500933,24779.3,24062.55,21868.18,68.9,279.15,20.040000915527344
2025-10-10,25287.75,25388.0,24158.5,24397.0,934374,24793.49,24083.19,21880.02,46.1,347.03,25.229999542236328
2025-10-13,24542.0,24965.0,24542.0,24922.25,934374,24824.14,24123.96,21894.59,55.4,362.81,22.799999237060547
2025-10-14,24913.75,25044.25,24421.0,24762.5,729059,24848.07,24153.28,21909.91,52.5,381.42,24.280000686645508
2025-10-15,24754.0,25115.0,24663.25,24924.5,637036,24883.17,24189.13,21927.46,55.1,386.44,24.420000076293945
2025-10-16,24937.0,25179.5,24643.5,24831.25,738759,24901.72,24217.3,21945.48,53.3,397.12,28.260000228881836
2025-10-17,24793.75,25055.75,24410.0,24986.5,743681,24922.64,24247.11,21964.57,55.9,414.88,24.969999313354492
2025-10-20,25065.75,25354.5,24955.75,25305.25,437206,24937.75,24278.94,21983.52,60.8,413.73,22.639999389648438
2025-10-21,25326.75,25368.0,25203.25,25294.75,441490,24961.12,24312.08,22001.27,60.5,395.95,22.59000015258789
2025-10-22,25283.75,25338.25,24804.75,25039.25,695128,24976.12,24334.11,22019.67,54.9,405.77,23.299999237060547
2025-10-23,25012.25,25296.0,24937.0,25254.0,527352,25007.36,24360.26,22039.13,58.4,402.43,21.719999313354492
2025-10-24,25283.25,25570.75,25276.0,25509.25,467727,25046.49,24391.83,22060.17,62.2,396.31,20.610000610351562
2025-10-27,25723.5,26013.5,25700.0,25963.75,435230,25102.79,24435.03,22084.91,67.8,404.02,20.5
2025-10-28,26002.5,26231.5,25943.0,26163.5,452121,25165.88,24482.34,22110.99,69.9,395.77,21.309999465942383
2025-10-29,26179.75,26379.75,26049.25,26262.5,557797,25228.12,24538.2,22137.71,70.9,391.11,21.760000228881836
2025-10-30,26154.5,26399.0,25853.0,25882.75,665782,25266.76,24589.38,22160.12,62.2,402.17,21.65999984741211
2025-10-31,26150.5,26274.0,25888.75,26004.0,597984,25317.36,24645.06,22183.89,63.7,401.39,21.989999771118164
2025-11-03,26028.25,26266.0,26012.75,26103.25,0,25363.29,24695.73,22206.43,65.0,391.43,21.729999542236328
2025-11-04,26104.5,26104.5,25522.75,25575.25,669483,25390.09,24737.27,22225.76,54.3,405.03,23.299999237060547
2025-11-05,25545.0,25880.0,25282.0,25746.25,618171,25410.85,24780.37,22244.49,56.8,418.81,22.600000381469727
2025-11-06,25738.5,25822.25,25197.75,25244.25,754444,25408.6,24812.68,22260.52,48.5,433.5,24.639999389648438
2025-11-07,25314.75,25354.75,24709.25,25166.25,765092,25447.06,24840.62,22276.8,47.3,448.65,24.579999923706055
2025-11-10,25320.75,25760.5,25269.0,25714.5,626203,25486.67,24885.68,22299.08,55.4,459.05,22.6200008392334
2025-11-11,25722.25,25768.75,25478.5,25640.75,537967,25530.59,24932.99,22319.37,54.2,446.99,22.670000076293945
2025-11-12,25668.0,25830.0,25488.75,25623.75,606259,25565.55,24976.49,22339.87,53.9,439.44,23.059999465942383
2025-11-13,25624.0,25721.5,25002.5,25094.75,775125,25578.72,25005.03,22357.22,45.7,459.41,25.8799991607666
2025-11-14,25095.25,25293.25,24626.0,25094.0,862322,25584.1,25033.23,22374.75,45.7,474.25,26.149999618530273
2025-11-17,25142.25,25361.25,24731.75,24879.0,738978,25562.79,25054.81,22392.12,42.6,485.34,28.15999984741211
2025-11-18,24905.5,24959.5,24376.25,24595.75,871074,25527.84,25069.25,22406.74,38.9,492.33,30.510000228881836
2025-11-19,24551.0,24988.0,24445.0,24721.75,770449,25511.96,25086.13,22421.54,41.4,495.95,29.299999237060547
2025-11-20,24966.75,25310.0,24073.25,24131.5,995836,25455.84,25088.4,22432.84,34.4,548.87,32.720001220703125
2025-11-21,24110.0,24596.25,23904.5,24305.5,918728,25395.65,25092.25,22446.41,37.7,559.07,28.950000762939453
2025-11-24,24455.75,24993.5,24361.75,24948.25,604148,25344.88,25105.03,22461.92,48.2,568.28,25.56999969482422
2025-11-25,24966.25,25135.25,24602.0,25085.5,629575,25290.97,25121.06,22478.41,50.1,565.78,23.670000076293945
2025-11-26,25071.25,25376.0,25061.25,25302.25,522196,25242.96,25142.65,22495.9,53.0,547.85,22.260000228881836
2025-11-28,25313.0,25499.75,25285.75,25482.0,199445,25222.92,25163.09,22512.74,55.4,524.0,21.170000076293945
2025-12-01,25482.5,25546.0,25193.25,25391.25,574734,25192.29,25179.55,22528.72,53.9,511.77,22.059999465942383
2025-12-02,25411.5,25670.0,25324.75,25606.0,561951,25167.42,25191.61,22545.59,56.9,499.88,21.280000686645508
2025-12-03,25611.0,25685.25,25421.5,25657.5,494194,25171.54,25208.22,22562.62,57.5,483.01,20.649999618530273
2025-12-04,25650.25,25732.5,25488.75,25622.75,509526,25165.36,25225.88,22580.03,56.9,465.92,20.190000534057617
2025-12-05,25629.75,25868.0,25579.75,25732.0,498264,25189.75,25247.94,22600.29,58.5,453.23,19.6200008392334
2025-12-08,25750.0,25860.75,25564.75,25664.0,473150,25214.64,25266.69,22621.51,57.1,442.0,20.75
2025-12-09,25713.0,25735.75,25560.0,25699.75,407387,25213.9,25283.92,22644.26,57.7,422.98,20.760000228881836
2025-12-10,25680.0,25870.75,25528.75,25798.0,556710,25221.76,25301.85,22667.32,59.3,417.2,19.670000076293945
2025-12-11,25769.5,25861.5,25383.0,25713.5,637723,25226.25,25315.77,22692.86,57.2,421.58,18.399999618530273
2025-12-12,25701.0,25733.25,25118.0,25213.5,760749,25232.19,25317.84,22714.33,46.8,435.41,20.6200008392334
2025-12-15,25223.5,25410.0,25033.25,25093.25,448073,25232.15,25319.87,22737.45,44.7,431.22,20.709999084472656
2025-12-16,25101.25,25202.5,24828.0,25139.0,247876,25245.15,25318.95,22761.15,45.7,427.17,20.190000534057617
2025-12-17,25091.75,25266.0,24654.5,24668.75,139991,25248.8,25311.54,22781.17,38.0,440.33,21.780000686645508
2025-12-18,24744.0,25178.0,24675.5,25028.25,111598,25264.12,25305.49,22805.87,45.5,445.26,20.719999313354492
2025-12-19,25002.5,25160.0,24977.5,25132.7890625,502611,25314.19,25302.36,22830.38,47.5,426.49,18.520000457763672
2025-12-22,25635.25,25794.75,25628.0,25692.25,367322,25383.53,25328.26,22861.58,56.7,443.31,17.850000381469727
2025-12-23,25701.0,25822.5,25608.25,25812.25,336346,25426.73,25346.06,22893.65,58.3,426.95,17.469999313354492
2025-12-24,25815.75,25892.0,25777.5,25880.5,163037,25466.48,25368.42,22924.96,59.3,404.63,17.200000762939453
2025-12-26,25868.0,25935.25,25834.25,25863.25,240485,25494.53,25387.2,22958.03,58.9,382.94,17.3799991607666
2025-12-29,25863.25,25893.75,25648.0,25739.75,347055,25507.41,25405.37,22988.17,56.2,373.14,18.389999389648438
2025-12-30,25740.0,25793.75,25668.25,25675.25,300558,25521.61,25419.14,23017.38,54.8,355.45,18.950000762939453
2025-12-31,25683.25,25716.75,25429.0,25456.75,329352,25514.15,25422.17,23047.18,50.2,350.62,19.559999465942383
2026-01-02,25478.5,25803.75,25265.25,25385.25,554838,25500.54,25423.98,23075.38,48.7,364.04,19.75
2026-01-05,25431.75,25708.0,25406.5,25577.75,461305,25498.29,25434.75,23104.87,52.7,361.09,20.010000228881836
2026-01-06,25583.0,25837.75,25527.5,25822.0,445573,25502.79,25446.11,23136.73,57.2,357.46,19.530000686645508
2026-01-07,25831.25,25996.25,25727.0,25838.75,477861,25511.53,25452.7,23164.05,57.5,351.16,20.030000686645508
2026-01-08,25838.75,25849.75,25569.0,25687.5,510805,25510.91,25447.18,23190.04,53.8,346.13,20.149999618530273
2026-01-09,25725.0,25985.5,25615.5,25938.25,509669,25517.93,25442.67,23219.15,58.6,347.83,19.059999465942383
2026-01-12,25949.0,26020.5,25632.75,25956.75,452996,25530.09,25436.56,23248.99,58.9,350.68,19.530000686645508
2026-01-13,25953.5,26045.5,25803.25,25906.0,560438,25564.71,25437.02,23281.23,57.5,342.94,20.049999237060547
2026-01-14,25900.75,25925.75,25420.75,25631.0,647871,25591.6,25429.56,23312.19,50.7,354.51,20.959999084472656
2026-01-15,25593.0,25952.75,25562.5,25705.75,591058,25619.94,25421.61,23342.69,52.3,357.07,20.200000762939453
2026-01-16,25720.5,25891.0,25591.5,25689.0,490573,25670.95,25423.89,23372.35,51.9,352.96,20.290000915527344
2026-01-20,25471.0,25472.0,25095.25,25129.25,864568,25676.0,25411.55,23404.62,40.2,370.15,24.260000228881836
2026-01-21,25149.5,25653.5,25025.0,25471.0,810753,25692.91,25416.08,23444.28,47.9,388.61,21.190000534057617
2026-01-22,25529.5,25739.75,25483.75,25658.25,533607,25691.21,25425.92,23484.75,51.6,380.05,20.079999923706055
2026-01-23,25605.0,25845.75,25540.25,25738.25,504901,25687.51,25426.4,23527.23,53.1,374.72,20.3700008392334
2026-01-26,25585.5,25936.5,25365.25,25848.5,450290,25685.91,25430.55,23560.03,55.2,388.76,20.43000030517578
2026-01-27,25861.25,26118.0,25838.5,26073.0,429460,25696.4,25439.54,23597.97,59.2,380.96,20.549999237060547
2026-01-28,26111.25,26349.0,25993.25,26156.25,511937,25717.22,25460.77,23634.71,60.6,379.15,20.3700008392334
2026-01-29,26282.5,26296.0,25536.0,25999.25,699097,25733.42,25478.87,23670.03,56.7,406.36,21.440000534057617
2026-01-30,25998.5,26020.0,25568.75,25670.0,712197,25744.09,25494.69,23703.58,49.4,409.56,22.520000457763672
2026-02-02,25530.0,25949.5,25180.25,25850.0,578865,25767.33,25519.78,23740.91,52.9,435.26,21.229999542236328
2026-02-03,25876.5,26027.75,25219.0,25452.0,696150,25761.04,25534.38,23776.26,45.3,461.93,23.450000762939453
2026-02-04,25387.5,25514.25,24783.5,24999.25,742646,25719.9,25551.74,23811.65,38.6,481.14,26.010000228881836
2026-02-05,25061.75,25169.0,24407.25,24651.0,774469,25660.51,25558.65,23842.98,34.3,501.18,29.190000534057617
2026-02-06,24416.0,25222.0,24239.75,25163.25,653956,25634.3,25562.95,23874.77,44.1,535.54,24.299999237060547
2026-02-09,25153.75,25428.75,24955.5,25354.0,492306,25605.09,25568.32,23904.93,47.2,531.09,23.420000076293945
2026-02-10,25363.0,25447.25,25198.25,25218.25,477554,25568.16,25566.64,23933.35,45.3,510.94,23.459999084472656
2026-02-11,25259.0,25465.25,25058.25,25288.5,531730,25537.29,25562.77,23962.15,46.5,503.52,23.260000228881836
2026-02-12,25289.0,25419.75,24721.5,24768.0,668338,25494.14,25550.3,23987.78,39.4,517.43,26.8700008392334
2026-02-13,24842.25,24995.5,24578.75,24803.25,688226,25449.01,25534.25,24013.51,40.1,510.24,26.3700008392334
2026-02-17,24789.75,24922.25,24449.25,24767.75,752646,25402.95,25516.45,24037.99,39.6,507.58,25.979999542236328
2026-02-18,24773.75,25128.25,24700.75,24956.0,540796,25394.29,25503.12,24061.79,43.4,501.86,24.959999084472656
2026-02-19,24943.5,25054.0,24749.0,24858.75,515038,25363.67,25485.65,24085.81,41.9,487.8,25.639999389648438
2026-02-20,24837.75,25139.5,24678.5,25067.5,615358,25334.14,25473.72,24111.76,46.2,485.88,24.229999542236328
2026-02-23,25033.75,25059.75,24668.0,24762.75,594568,25285.36,25454.98,24135.77,41.4,479.71,26.360000610351562
2026-02-24,24788.0,25078.75,24694.5,25028.75,520239,25244.38,25439.6,24160.18,46.6,472.89,24.81999969482422
2026-02-25,25016.25,25494.75,24992.0,25382.0,417621,25209.83,25432.97,24186.4,52.5,475.03,22.940000534057617
2026-02-26,25388.25,25418.25,24861.75,25081.0,605581,25156.06,25430.32,24207.06,47.7,480.85,23.610000610351562
2026-02-27,25024.25,25098.75,24782.0,25004.75,561211,25106.34,25428.55,24225.7,46.5,469.12,24.520000457763672
2026-03-02,24682.5,25101.0,24477.0,25025.25,627650,25074.1,25426.27,24243.86,46.9,480.19,25.399999618530273
2026-03-03,25002.75,25011.0,24352.0,24755.75,719421,25019.39,25428.01,24260.64,42.6,493.98,27.510000228881836
2026-03-04,24710.75,25217.75,24499.0,25128.25,603596,25003.2,25430.01,24278.75,49.5,510.03,24.8700008392334
2026-03-05,25156.5,25250.0,24772.5,25049.5,683962,25005.71,25428.35,24296.36,48.1,507.71,26.0
2026-03-06,25019.75,25141.5,24601.0,24670.25,645082,25006.67,25407.9,24312.48,42.3,510.05,31.440000534057617
2026-03-09,24435.25,25058.0,24000.0,24991.0,708630,24998.06,25391.48,24331.65,48.0,549.19,27.690000534057617
2026-03-10,24981.5,25217.5,24830.0,24982.5,564644,24979.49,25373.52,24350.67,47.9,537.64,27.329999923706055
2026-03-11,25010.25,25180.0,24873.5,24983.5,476593,24967.75,25355.92,24370.71,47.9,521.13,26.81999969482422
2026-03-12,24934.5,24949.25,24517.75,24560.0,565145,24931.33,25332.33,24386.21,41.2,517.17,29.829999923706055
2026-03-13,24567.0,24805.25,24333.75,24394.25,609146,24912.64,25306.71,24401.28,38.9,513.91,29.8700008392334
2026-03-16,24285.0,24816.25,24278.0,24675.75,413547,24906.26,25291.09,24417.62,44.6,515.65,26.31999969482422
2026-03-17,24668.75,24896.0,24517.0,24795.5,204810,24907.65,25279.29,24434.71,46.8,505.89,24.65999984741211
2026-03-18,24796.0,24989.0,24350.0,24434.5,126918,24881.58,25256.43,24449.21,41.4,515.4,27.719999313354492
2026-03-19,24399.75,24505.25,24115.0,24364.0,69553,24856.84,25227.27,24462.5,40.4,506.46,26.899999618530273
2026-03-20,24417.25,24444.0,24108.75,24291.779296875,611673,24818.05,25196.33,24475.13,39.3,494.23,29.200000762939453
2026-03-23,23902.0,24763.0,23772.5,24408.25,683625,24800.33,25170.75,24489.26,41.9,529.68,27.979999542236328
2026-03-24,24417.25,24550.0,24134.0,24213.75,544209,24759.58,25136.26,24501.38,38.9,521.56,28.739999771118164
2026-03-25,24420.0,24539.75,24286.5,24367.75,525449,24708.86,25104.48,24514.11,42.4,507.59,27.649999618530273
2026-03-26,24373.5,24421.25,23763.25,23794.25,557306,24644.53,25062.24,24523.27,34.5,518.33,29.860000610351562
2026-03-27,23824.0,23976.0,23232.5,23328.5,559271,24560.71,25016.19,24530.48,29.6,534.42,33.540000915527344
2026-03-30,23189.5,23574.0,23024.5,23139.75,559453,24466.44,24964.87,24536.51,27.9,535.49,33.2599983215332
2026-03-31,23119.5,23975.25,22961.5,23915.0,755160,24424.4,24929.39,24547.87,42.6,569.65,28.239999771118164
2026-04-01,23889.0,24348.25,23880.0,24194.75,579693,24377.73,24910.7,24559.13,46.8,562.41,27.559999465942383
2026-04-02,24180.0,24266.75,23666.0,24218.0,576893,24336.15,24885.64,24571.57,47.2,565.15,27.040000915527344
2026-04-06,24093.5,24452.25,23981.5,24358.5,444473,24320.56,24859.65,24584.76,49.3,558.41,27.389999389648438
2026-04-07,24348.75,24451.5,23941.5,24371.0,575961,24289.56,24832.3,24597.17,49.5,554.95,28.43000030517578
2026-04-08,24514.0,25257.0,24355.0,25074.25,644388,24294.15,24816.82,24612.17,59.1,579.74,25.239999771118164
2026-04-09,25037.75,25269.75,24953.0,25251.5,514186,24307.55,24800.39,24626.36,61.2,560.95,23.5
2026-04-10,25237.0,25393.0,25193.0,25281.25,430719,24343.61,24782.89,24640.47,61.5,535.17,23.09000015258789
2026-04-13,24980.0,25599.25,24904.5,25543.5,507117,24401.08,24773.77,24654.84,64.5,546.57,22.190000534057617
2026-04-14,25575.25,26003.25,25560.0,25996.75,477724,24467.13,24780.31,24671.06,68.9,540.37,21.799999237060547
2026-04-15,25985.75,26377.5,25933.75,26365.5,521771,24545.63,24790.62,24688.42,72.0,533.47,22.25
2026-04-16,26350.0,26564.0,26275.5,26487.25,590117,24648.26,24811.32,24707.4,73.0,515.97,22.18000030517578
2026-04-17,26460.0,26884.75,26440.0,26825.5,599136,24771.34,24847.85,24727.31,75.5,510.88,21.56999969482422
2026-04-20,26599.75,26827.75,26535.0,26748.75,502901,24894.19,24889.8,24745.74,73.8,495.3,22.93000030517578
2026-04-21,26776.75,26901.75,26551.75,26634.75,610696,25005.51,24919.23,24764.38,71.3,484.92,23.799999237060547
2026-04-22,26729.5,27136.0,26727.75,27083.0,512026,25148.97,24953.81,24785.37,74.9,486.09,23.579999923706055
2026-04-23,27075.0,27155.75,26681.75,26934.0,644095,25277.29,24988.13,24805.56,71.7,485.23,23.31999969482422
2026-04-24,26992.0,27462.5,26992.0,27435.0,545525,25459.33,25031.06,24827.47,75.5,488.32,23.3799991607666
2026-04-27,27403.25,27542.5,27298.5,27440.5,444514,25664.92,25084.51,24849.61,75.5,470.87,23.079999923706055
2026-04-28,27423.0,27512.0,27009.5,27168.75,603738,25866.38,25131.82,24870.65,69.6,473.13,23.239999771118164
2026-04-29,27197.25,27414.0,27094.0,27325.25,516846,26036.89,25182.97,24892.1,71.0,462.19,23.760000228881836
2026-04-30,27207.0,27622.75,27163.25,27596.0,701348,26206.95,25235.77,24914.8,73.3,462.0,21.790000915527344
2026-05-01,27631.75,27917.0,27536.25,27835.75,509821,26387.84,25295.31,24938.6,75.2,456.19,21.920000076293945
2026-05-04,27890.0,27965.75,27613.0,27776.0,576727,26558.71,25349.48,24961.22,73.8,448.8,23.040000915527344
2026-05-05,27760.0,28247.0,27731.75,28136.0,458058,26746.96,25416.94,24985.78,76.6,453.55,22.459999084472656
2026-05-06,28250.0,28800.0,28243.0,28716.75,637911,26929.09,25490.7,25012.65,80.3,468.58,23.579999923706055
2026-05-07,28662.75,28944.75,28552.0,28682.25,657049,27100.62,25556.71,25039.93,79.5,463.17,23.149999618530273
2026-05-08,28582.0,29386.75,28541.0,29332.5,543817,27303.19,25641.74,25070.04,83.0,490.49,23.760000228881836
2026-05-11,29294.0,29480.0,29225.75,29424.0,558723,27497.21,25730.12,25100.27,83.4,473.62,24.739999771118164
2026-05-12,29399.0,29455.75,28742.0,29170.0,719824,27655.88,25813.02,25129.02,77.6,490.77,24.1299991607666
2026-05-13,29143.75,29565.5,29055.5,29479.25,570739,27811.56,25907.49,25158.96,79.5,492.14,24.59000015258789
2026-05-14,29537.0,29782.0,29448.25,29687.75,611771,27971.59,25998.68,25190.14,80.6,480.83,24.079999923706055
2026-05-15,29690.0,29734.0,29089.75,29231.75,750779,28091.9,26082.32,25218.89,71.1,492.5,25.329999923706055
2026-05-18,29135.0,29419.75,28814.75,29096.0,854443,28209.26,26170.84,25247.55,68.5,500.54,24.209999084472656
2026-05-19,29100.0,29188.5,28663.0,28924.25,717466,28323.74,26249.5,25277.75,65.3,502.32,24.09000015258789
2026-05-20,28929.75,29397.5,28797.25,29390.5,606377,28439.11,26337.66,25308.22,69.5,509.32,23.709999084472656
2026-05-21,29253.0,29554.0,29113.0,29447.25,612220,28564.78,26426.94,25339.8,70.0,504.44,22.739999771118164
2026-05-22,29444.0,29749.0,29436.0,29558.75,495134,28670.96,26526.91,25370.48,70.9,490.76,22.81999969482422
2026-05-26,29676.25,30118.75,29676.25,30073.5,668516,28802.61,26640.5,25403.36,74.9,495.71,23.899999618530273
2026-05-27,30050.0,30379.0,29877.5,30047.25,637375,28946.54,26747.93,25435.03,74.4,496.12,23.389999389648438
2026-05-28,30120.0,30344.5,29763.0,30307.0,564551,29095.62,26858.16,25468.38,76.3,502.22,22.920000076293945
2026-05-29,30328.0,30536.0,30216.5,30405.25,578992,29236.09,26977.57,25500.71,77.0,489.17,22.579999923706055
2026-06-01,30415.5,30693.0,30291.5,30566.25,568793,29372.61,27101.62,25533.81,78.1,482.91,23.18000030517578
2026-06-02,30544.75,30763.25,30317.75,30712.75,525212,29519.45,27230.03,25567.72,79.1,480.23,23.270000457763672
2026-06-03,30741.75,30807.75,30478.25,30633.25,638765,29644.31,27354.53,25601.87,77.0,469.47,23.84000015258789
2026-06-04,30453.0,30603.25,30151.0,30488.25,684303,29732.89,27480.03,25635.32,73.3,470.38,23.219999313354492
2026-06-05,30414.0,30422.0,28781.25,29026.5,1044741,29750.1,27573.2,25663.11,47.9,558.71,30.469999313354492
2026-06-08,28844.5,29743.0,28822.25,29454.75,846024,29756.21,27686.41,25693.76,53.0,584.57,27.1200008392334
2026-06-09,29435.0,29848.25,28227.75,29117.0,1082950,29740.86,27802.18,25723.25,48.9,658.57,29.780000686645508
2026-06-10,29094.75,29250.0,28409.0,28554.0,772662,29710.06,27910.47,25748.17,43.0,671.6,32.68000030517578
2026-06-11,28455.0,29544.25,28265.75,29464.75,738252,29709.34,28021.46,25778.0,52.9,714.95,30.440000534057617
2026-06-12,29456.75,29760.0,29230.0,29662.0,499151,29708.05,28130.81,25808.35,54.8,701.74,27.270000457763672
2026-06-15,29907.0,30612.5,29907.0,30559.25,344999,29774.42,28257.63,25843.01,62.1,719.51,25.920000076293945
2026-06-16,30539.75,30664.5,29956.75,29995.0,215042,29819.38,28370.36,25874.14,56.0,718.67,26.950000762939453
2026-06-17,30006.75,30268.5,29616.0,29687.5,92564,29857.54,28476.69,25905.27,52.9,713.94,28.559999465942383
2026-06-18,29758.5,30285.75,29758.5,30263.349609375,563315,29901.18,28580.47,25940.21,57.6,705.68,26.309999465942383
2026-06-22,30577.0,30968.0,30337.5,30653.5,644848,29961.49,28688.51,25976.23,60.4,705.6,27.670000076293945
2026-06-23,30662.75,30701.25,29577.25,29666.0,727043,29966.85,28776.21,26006.22,51.1,735.49,32.369998931884766
2026-06-24,29770.0,30157.75,29264.75,29514.25,682714,29938.89,28855.62,26035.37,49.8,746.74,30.18000030517578
2026-06-25,30089.75,30263.75,29295.75,29724.75,657543,29922.77,28930.18,26065.0,51.6,762.54,30.90999984741211
2026-06-26,29742.0,29892.75,29160.5,29368.25,582809,29875.83,28990.24,26092.47,48.4,760.38,30.81999969482422
2026-06-29,29282.5,30069.5,29273.75,30052.75,531640,29858.2,29061.55,26123.34,54.2,762.91,29.3700008392334
2026-06-30,30007.25,30599.75,29934.75,30523.5,482570,29856.07,29135.51,26155.87,57.8,755.91,27.110000610351562
2026-07-01,30505.75,30553.75,30008.5,30094.25,525442,29825.14,29202.42,26185.78,53.7,740.87,27.690000534057617
2026-07-02,30089.75,30320.0,29328.5,29556.0,651643,29771.28,29260.84,26212.01,49.0,758.77,27.979999542236328
2026-07-06,29930.25,30094.0,29683.0,29941.0,547644,29743.92,29318.0,26240.3,52.2,743.0,26.809999465942383
2026-07-07,29960.0,29973.75,29210.0,29391.5,587510,29762.17,29367.15,26266.14,47.6,744.48,27.920000076293945
2026-07-08,29373.75,29558.75,28909.75,29468.5,553586,29762.85,29407.82,26291.18,48.3,737.66,27.860000610351562
2026-07-09,29412.0,29993.5,29395.0,29937.0,472581,29803.85,29457.75,26318.03,52.4,727.72,26.90999984741211
2026-07-10,29937.75,30077.75,29675.0,30032.25,431679,29877.77,29515.02,26343.17,53.2,704.51,24.889999389648438
2026-07-13,29952.0,30041.0,29386.5,29475.75,516287,29878.32,29558.03,26366.42,48.1,700.94,27.299999237060547
2026-07-14,29446.0,29921.75,29303.5,29790.25,472860,29884.73,29601.92,26391.67,51.0,695.03,26.280000686645508
2026-07-15,29805.0,30062.5,29397.0,29693.25,504329,29841.43,29639.07,26416.99,50.0,692.92,25.649999618530273
2026-07-16,29709.0,29797.0,29078.5,29225.75,506282,29802.97,29668.06,26439.49,45.7,694.75,27.34000015258789
2026-07-17,29191.0,29220.0,28408.25,28773.25,635199,29757.25,29680.81,26459.16,42.0,703.52,29.030000686645508
2026-07-20,28747.75,29192.5,28709.75,28778.75,502826,29683.03,29682.05,26478.55,42.0,687.75,28.530000686645508
2026-07-21,28778.25,29364.75,28701.0,29316.0,457614,29616.15,29694.72,26500.04,47.9,686.03,26.65999984741211
2026-07-22,29310.75,29342.25,28952.0,29181.25,456902,29591.91,29691.7,26520.4,46.6,664.91,26.739999771118164
2026-07-23,29100.0,29282.5,28432.5,28620.75,667509,29547.24,29675.63,26538.54,41.6,678.13,28.059999465942383
2026-07-24,28700.25,28736.0,28212.5,28282.25,599439,29475.11,29657.88,26554.03,38.9,667.08,28.389999389648438
2026-07-27,28500.0,28763.25,27939.0,28190.0,596053,29416.2,29632.09,26569.78,38.2,678.31,28.649999618530273
2026-07-28,28210.5,28228.0,27603.5,27922.0,668434,29309.66,29596.78,26582.74,36.1,674.46,28.610000610351562
2026-07-29,27962.0,28178.25,27201.5,27342.0,815515,29150.59,29558.98,26593.0,32.0,696.06,30.84000015258789
2026-07-30,27202.0,28414.5,27202.0,28237.75,737532,29057.76,29541.82,26612.2,42.8,732.95,27.549999237060547
2026-07-31,28317.0,28725.75,28079.75,28404.25,679547,29000.17,29531.42,26629.61,44.6,726.74,26.0
2026-08-03,28565.0,28964.25,28313.5,28891.75,550089,28947.71,29521.44,26650.26,49.5,721.31,24.770000457763672
2026-08-04,28930.0,29956.5,28831.75,29863.5,643753,28971.31,29529.77,26674.96,57.6,750.12,25.479999542236328
2026-08-05,29777.25,30074.0,29530.75,29615.0,567073,28978.64,29530.89,26698.87,55.2,735.35,24.149999618530273
2026-08-06,29569.5,29686.25,29241.25,29488.25,556323,28956.2,29519.19,26721.38,53.9,714.61,23.950000762939453
2026-08-07,29514.25,29867.75,29453.5,29834.75,531146,28946.33,29514.94,26744.03,56.8,693.15,22.81999969482422
2026-08-10,29851.25,29984.0,29718.75,29737.0,394392,28959.39,29503.54,26766.24,55.8,662.59,23.040000915527344
2026-08-11,29764.5,29886.75,29533.5,29626.0,454357,28951.17,29487.95,26789.18,54.5,640.49,22.3799991607666
2026-08-12,29657.75,30001.75,29624.5,29853.25,412530,28959.17,29473.69,26812.17,56.7,621.69,20.969999313354492
2026-08-13,29825.0,30272.75,29780.5,30188.5,460408,29007.31,29463.21,26835.57,59.7,612.45,21.229999542236328
2026-08-14,30210.75,30283.0,30028.5,30141.75,405685,29075.74,29453.38,26856.46,59.0,586.88,20.719999313354492
2026-08-17,30170.0,30343.0,30054.5,30096.0,404828,29141.6,29445.53,26876.12,58.4,565.57,21.510000228881836
2026-08-18,30077.0,30121.25,29514.0,29586.0,577517,29155.1,29456.72,26892.74,51.7,568.54,22.559999465942383
2026-08-19,29566.5,29757.25,29375.75,29512.75,577168,29171.67,29457.88,26910.89,50.8,555.18,22.040000915527344
2026-08-20,29561.5,29689.75,29202.75,29300.5,559747,29205.66,29461.55,26927.37,48.2,550.31,23.260000228881836
2026-08-21,29327.0,29539.0,29220.0,29387.75,493893,29260.94,29478.23,26943.79,49.4,533.79,21.979999542236328
2026-08-24,29392.25,29480.5,28946.75,29105.75,536026,29306.72,29471.05,26961.45,45.8,533.79,22.690000534057617
2026-08-25,29140.5,29425.75,29017.0,29276.75,487191,29374.46,29463.34,26979.1,48.3,524.86,21.790000915527344
2026-08-26,29288.0,29437.75,29096.0,29289.5,456602,29471.84,29437.95,26999.32,48.4,511.78,21.420000076293945
2026-08-27,29499.5,29708.0,29401.75,29695.75,570995,29544.74,29431.96,27021.97,54.1,505.11,20.239999771118164
2026-08-28,29635.5,29811.5,29436.25,29491.75,583609,29599.11,29428.05,27040.86,51.1,495.84,
2026-08-31,29540.0,29546.25,29273.5,29513.0,468460,29630.17,29413.04,27060.22,51.4,479.9,20.18000030517578
2026-09-01,29518.25,29571.25,29002.0,29125.5,556412,29593.28,29382.48,27077.73,45.8,486.29,21.959999084472656
2026-09-02,29136.5,29213.0,28927.25,29186.25,556412,29571.84,29372.88,27098.19,46.7,471.96,21.06999969482422
2026-09-03,29177.0,29292.75,29075.0,29185.0,79660,29556.67,29366.3,27118.64,46.7,453.8,
